customer_id,first_name,last_name,email,phone_number,registration_date,date_of_birth,address,city,region
e9440399-8e0f-41bc-b552-848b6e17cc65,Barbara,Ware,ware.barbara@brown.com,+237 6841492364,2022-09-23 16:32:48,1952-12-16,"377 Chavez Cape
Smithstad, UT 65129",Lake Susanhaven,Rhode Island
6f579863-0cd6-4ac6-9cba-9ee57fdab4f1,Gregory,Powell,powell.gregory@mckenzie-meyer.com,+237 6510704905,2022-09-03 02:09:17,1954-02-02,"574 Peck Skyway
South Christy, MI 74042",East Mary,New Mexico
d408629c-1d4b-456f-b5c5-5304e3fd24eb,Bryan,Salas,salas.bryan@garcia.com,+237 6892253845,2021-11-01 05:24:31,1972-12-07,"5067 Stephanie Ramp
West Sarahberg, AK 44706",Loweryhaven,New Mexico
ce45c2f3-156c-42fa-a303-e8116f71b846,Brittney,Mitchell,mitchell.brittney@gross-mercer.com,+237 6859103610,2024-04-13 17:13:11,1964-09-05,"1141 Michele Villages
New Belinda, OR 04158",Robertport,Nevada
b909858a-4849-4a59-a5b7-3d8501d4c933,Rachel,Cannon,cannon.rachel@booker.com,+237 6701696944,2023-09-06 09:33:09,1934-12-24,"0574 James Shores
Travistown, MH 31161",Port Waltertown,Pennsylvania
f823164b-2a44-4e8b-88bc-a19e62149a1b,Matthew,Stevens,stevens.matthew@daniels.info,+237 6807839366,2024-03-17 08:08:47,1935-08-08,"766 David Lodge
Oscarport, PA 83811",North Alison,Maryland
740bad20-7fde-43de-aea7-5f51391e73c0,Dylan,Green,green.dylan@berry.com,+237 6574423865,2023-03-02 22:10:52,1936-06-08,"37339 Paul Lodge Apt. 729
Port Amyburgh, MP 22397",New Benjamin,North Carolina
37b7ae73-cccf-445e-9181-cb1669f9ed01,Christopher,Hines,hines.christopher@castaneda-lewis.net,+237 6772734394,2022-07-22 09:19:59,1969-12-22,"69999 Lauren Parkway
West Greg, VI 51591",Schmidtstad,Ohio
db3f7ce5-d720-4b7d-a44c-71dca5d6cfaf,Jeffrey,Bishop,bishop.jeffrey@huffman.com,+237 6238496681,2021-08-29 20:30:59,1981-11-13,"6103 Jessica Plains
Lake Amandaside, NC 61090",South Mollystad,Nebraska
66ab15a2-5d57-4165-b257-27ee80b6a6fa,Susan,Allen,allen.susan@anthony.org,+237 6732210448,2023-06-04 10:44:12,2001-05-20,"28776 Timothy Ways Suite 546
Lake Lisachester, NV 82149",Theresaside,Texas
c6e4a32e-ff62-4551-aa12-f952001c318f,Brittany,Terry,terry.brittany@ponce.com,+237 6802151768,2021-11-11 05:12:01,1989-01-02,"140 Vanessa Village
East Michellefurt, AL 89685",Pruittburgh,Iowa
a867ab61-6be6-4420-b767-613b5256fb79,Brooke,Carr,carr.brooke@brooks.org,+237 6752220950,2020-08-10 13:09:39,2001-11-22,"7911 Garrett Divide Apt. 626
East Kaylahaven, TX 14120",Hoffmanfort,New Mexico
a8690b6d-ec07-45e5-ac72-4d3dbc0ef053,Malik,Walters,walters.malik@obrien.com,+237 6510667526,2021-04-02 12:41:45,1957-02-06,"89242 Donovan Trail Suite 179
East Deniseberg, TN 45294",Warrenfort,Colorado
15168064-121a-43c7-8108-be406a038051,Claudia,Matthews,matthews.claudia@savage.com,+237 6554092003,2020-10-10 17:56:26,1933-09-23,"403 Crystal Ridges
Juliemouth, WA 03069",Nancyfurt,Utah
7483570f-bf2a-4bc2-899c-2a0de73349b5,Brian,Jones,jones.brian@vang.info,+237 6726559555,2023-06-22 21:54:33,1956-07-01,"389 Melissa Fall Suite 317
Port Bradley, TN 27010",Caseyfurt,Pennsylvania
56ffc48b-1859-40ad-80fc-3550ee957d69,Katherine,Burton,burton.katherine@martin.org,+237 6811412481,2024-05-13 11:45:16,1996-03-03,"Unit 4557 Box 5038
DPO AE 52228",Port Melaniechester,New Hampshire
814db3a3-53e3-439b-9b4d-8cdf1a930317,Michael,Acosta,acosta.michael@gray.net,+237 6887622169,2023-08-01 00:48:30,1972-02-13,"Unit 8606 Box 6968
DPO AA 89838",West Joseph,Colorado
571dded2-d389-484c-9eb0-a0e9205b746d,Brandon,Crawford,crawford.brandon@harris-luna.com,+237 6878041944,2024-01-18 06:28:42,1999-06-25,"850 Boyle Hill
West Joshuaview, OH 33252",Lake Johnny,New Jersey
dcdc8d88-da5c-4bcc-82b7-81aeb4cf8165,Stefanie,Mccormick,mccormick.stefanie@rogers.com,+237 6294885348,2023-04-09 13:01:28,1985-09-21,"78135 Mckinney Drives Apt. 036
East Evelyn, FM 09537",Zacharyport,Montana
29a006bb-f2d3-4ca1-8657-fe1cd8ca63e8,Nancy,Reyes,reyes.nancy@marks.com,+237 6524070417,2024-07-08 09:57:07,1938-07-06,"643 Julia Crossing Apt. 139
Padillafort, ME 32091",West Mary,Wyoming
44100aeb-d3b9-4c90-abf2-e4280fa07975,William,Holmes,holmes.william@taylor.com,+237 6815389992,2020-08-07 13:49:10,1973-07-02,"1638 Turner Pine Apt. 491
East Frances, MN 59195",East Albert,Connecticut
da112b24-ad1f-4d13-9c22-1a93942200d3,Michael,Bryant,bryant.michael@fuller-rocha.com,+237 6286585820,2020-12-14 11:17:14,1960-05-03,"275 Glover Cape
East Madisonville, TN 93480",Lake Sue,Connecticut
da2ae6ee-c6ca-45b4-bd33-e4de42a0ea0b,Katherine,Young,young.katherine@jacobson.com,+237 6287437636,2020-09-01 22:54:57,1975-07-19,"71554 Kim Stravenue
West Kelly, MS 54244",South Jacob,Maryland
05e4d950-3006-4d9f-a33a-82ccb92d9417,Edward,Montgomery,montgomery.edward@rice.com,+237 6262762288,2023-06-18 15:03:37,1948-05-19,"PSC 6064, Box 4449
APO AA 23335",West Kristina,North Dakota
f1c1d2ce-77d2-4d1b-a639-bb865f23b1a9,Patricia,Lane,lane.patricia@stanley-chavez.com,+237 6707370509,2024-07-15 15:39:19,1971-06-04,"0669 Dustin River Suite 302
West Rodneyburgh, DE 06262",Nicholashaven,Wisconsin
86fb6bdd-440e-4306-b69e-fe63ab47c369,John,Goodman,goodman.john@cain.com,+237 6234653499,2023-04-03 05:53:04,1948-09-02,"28601 Martinez Cliffs Apt. 057
Luisbury, GU 36632",Julieborough,Delaware
a49f3c09-841e-418c-96f9-7d3985ac8849,Brenda,Booth,booth.brenda@morales.net,+237 6782518928,2023-04-03 05:01:47,2003-04-19,"PSC 5237, Box 3555
APO AP 70513",Evanton,South Dakota
50469736-a24f-4e59-9b4b-ddb2bceed9b7,Matthew,Holland,holland.matthew@tucker-gregory.com,+237 6756686955,2021-08-18 01:42:39,1959-07-11,"43802 Owens Islands
Christinetown, MA 68414",Cunninghamhaven,New Jersey
5aa5b730-be86-49dd-8ae8-250e38ab3a56,Jason,Thomas,thomas.jason@shelton.com,+237 6502602823,2023-06-23 12:28:55,1981-04-05,"USS Brewer
FPO AE 27996",East Kaylamouth,New York
716564ef-21d9-45e0-b906-ae91fdad44ea,Amanda,Smith,smith.amanda@sanchez.info,+237 6833694849,2023-04-25 09:52:10,1984-02-15,"929 Alex Knolls
Hunthaven, MD 51298",Dawnshire,Kentucky
1d0e2e8f-cf3f-4bb9-8747-5a685bb7184b,Sara,Schmitt,schmitt.sara@brown.com,+237 6203321891,2020-12-02 10:11:55,1954-10-22,"84870 Edward Overpass Apt. 738
East Heather, NH 55302",Ryanbury,New Hampshire
498105ac-3a4c-4e5a-833b-0153a13fabbb,Cynthia,Weaver,weaver.cynthia@reeves.net,+237 6837208876,2021-03-04 11:57:47,1978-11-05,"211 Ross Square Apt. 392
Annberg, AR 03354",North Cameron,Indiana
5294660d-f4df-49e6-9452-edcef9444b7a,Vanessa,Schneider,schneider.vanessa@garcia-freeman.com,+237 6827271754,2021-10-28 18:56:00,1969-06-04,"991 Sandra Brook Apt. 357
Jacksonberg, NY 14049",Smithburgh,Missouri
12fb9046-ed67-48a5-9eaa-3c9fcb9bca5f,Diana,Cherry,cherry.diana@gonzalez.com,+237 6868105254,2024-02-23 21:04:12,1947-11-08,"92475 Smith Brooks
Lake Mario, UT 70995",Lake Darrenshire,Maryland
3233f0d6-c0bb-43f6-b775-e81e3aac7bd1,Daniel,Harrison,harrison.daniel@garcia-baker.com,+237 6580935417,2024-03-23 18:47:18,1992-05-11,"34506 Darrell Ramp Suite 577
South Glenland, FM 57769",Larsonmouth,Arizona
c4828b1c-3afc-43b4-acfa-da70354bbaed,Sarah,Holmes,holmes.sarah@robinson.com,+237 6728898986,2020-10-08 16:29:01,1991-02-13,"555 Mallory Island Suite 375
Pricemouth, TN 59760",New Robinside,Ohio
397ba133-d7dd-48ba-b36d-1d7353512d9d,Suzanne,Bailey,bailey.suzanne@mccarthy-campbell.com,+237 6734994132,2021-06-04 00:34:00,1971-05-14,"65081 Price Neck
East Kaylatown, AR 39961",Leonardshire,North Dakota
4bf65571-7b05-42c1-83e9-279c8f4a2abf,Tammy,Mills,mills.tammy@knox.com,+237 6505356461,2024-03-07 23:24:29,2006-05-20,"730 Holly Village Apt. 647
Murraymouth, WA 47512",Owenville,West Virginia
8e4abbd0-c5f2-4722-96f1-b72dbe508976,Nicole,Hernandez,hernandez.nicole@todd-ritter.net,+237 6556411178,2024-02-01 22:49:31,1949-05-12,"5175 Theodore Rapid
Lake Michaelborough, ND 07583",Lake Samanthamouth,New Mexico
0df1c47b-5e29-4e27-8ef2-7d2a2f140f08,Natalie,Parker,parker.natalie@jones-morris.biz,+237 6810613092,2024-02-08 20:09:29,1985-07-03,"796 William Garden Suite 881
West Ericport, MP 38442",Jonestown,New Hampshire
ff68bd27-a94f-48bf-8a31-97580ac54cd4,Kevin,Christensen,christensen.kevin@stephens.com,+237 6241542740,2024-01-27 12:07:41,1989-06-13,"08247 Eric Corner Apt. 920
Melindashire, DE 85769",Donnamouth,Delaware
7203fe6b-ef96-4259-b182-6fb7bc5eaeda,Daniel,Khan,khan.daniel@weber-haney.net,+237 6710069218,2023-02-25 09:16:22,1994-12-22,"75506 Garcia Lane
Toddstad, NJ 88593",East Stephanie,Minnesota
25264776-6e97-4fa8-b8f0-f16f16466bd4,David,Anderson,anderson.david@hall.com,+237 6885441196,2023-10-24 07:19:55,1947-04-25,"0660 Ashley Overpass
Briannashire, MT 03210",East Stephanieberg,California
635153f2-0163-4925-8e5f-9d4eb8a9e724,Alison,White,white.alison@bryant.com,+237 6792419500,2021-04-05 07:24:01,1962-11-17,"2101 Davenport Drives
Brandonland, MT 81790",North Sabrinaport,Utah
40d8d8b9-d055-4b39-be12-410408beb7da,Jeffrey,Avila,avila.jeffrey@walker.com,+237 6250266648,2021-04-15 01:35:06,2004-02-02,"189 Jessica Stream Apt. 969
Port Travis, NY 44508",Johnsonchester,Ohio
a360320e-200a-4e9c-86d5-3dbff542fa67,Hector,Jones,jones.hector@shaffer.com,+237 6742094554,2023-05-02 09:13:57,1945-02-07,"62922 Amber Via
West Kaylahaven, MO 11428",East Alex,Indiana
cc169332-224f-4fc7-adfd-3e1ee6d45920,Heidi,Owens,owens.heidi@gibson-leach.com,+237 6884084156,2023-10-31 22:34:57,1995-02-27,"121 Gonzalez Junction
North Stevenbury, VT 44695",Williefort,Minnesota
f00fd9d5-4c12-48ab-9b2e-69b17fb2618d,Nicole,Allen,allen.nicole@davis-monroe.biz,+237 6283116490,2024-02-15 21:40:43,1946-08-08,"421 Myers Walks
Kevinmouth, MH 89581",New Kimfort,South Carolina
b7d830ba-f135-4ca1-813c-3271139f1a8c,Jay,Myers,myers.jay@sanchez-cummings.net,+237 6534755210,2022-09-09 04:49:37,1967-05-05,"232 Mcmahon Mill Apt. 009
New Taraborough, PW 88832",New Wandaborough,Nevada
62774f5f-0330-49ba-85a1-de48c11a85ae,Tina,Vega,vega.tina@miller.com,+237 6518659124,2024-03-22 22:42:27,1946-05-15,"544 Taylor Parks Suite 915
Harrellstad, NH 93688",New Gregoryborough,Georgia
c8f685b0-bf8b-47d9-b848-bc1314fbfe2c,Natalie,Frey,frey.natalie@watts.net,+237 6796692423,2022-03-21 11:47:27,1965-05-13,"0104 Vargas Ramp
East Rose, SC 25435",East Dylanmouth,Hawaii
6c9a2f9e-ee97-4c51-a04f-8d6e57c50214,Dana,Gibbs,gibbs.dana@gibson.com,+237 6532199850,2022-10-15 04:55:06,1955-08-04,"859 Perkins Gateway
Port Craig, NC 41600",North Jeremy,Minnesota
8bc56d1c-3070-419b-9a5f-7530a6e0d648,Andrew,Jones,jones.andrew@kim-tran.info,+237 6281636905,2021-03-10 11:42:01,1986-12-23,"056 Kim Lights
Kellystad, MD 95898",Melissamouth,New Jersey
6256162d-556f-4cab-b9c9-bd6dd8076a72,Beth,Williams,williams.beth@yu.info,+237 6276306720,2023-12-19 20:07:31,1989-08-17,"49152 Smith Island
New Benjaminmouth, WA 31214",Patriciaview,Delaware
df425431-da97-4134-acea-0832a4dd2e88,Angel,Morales,morales.angel@cunningham-bennett.com,+237 6255694286,2022-01-16 13:41:46,1945-07-01,"625 Manuel Prairie Suite 874
Alexanderport, AL 90074",Fordtown,Hawaii
278c6dbc-4142-48b1-a0f7-afedcced843a,Sandra,Osborne,osborne.sandra@powers.net,+237 6745980551,2023-01-25 09:44:36,1939-06-04,"4564 Ralph Ramp
East April, DE 05443",West Phyllis,New York
3b7ed24e-3eed-4eaf-813b-b1b1402870a0,Erica,Holden,holden.erica@carroll.biz,+237 6730502653,2023-02-20 07:49:26,2003-03-31,"92259 Teresa Well
New Brett, LA 78226",West Jessicaton,Utah
6f774fad-3206-4a5d-b9c0-59d944b839c0,Melissa,White,white.melissa@smith.info,+237 6574215875,2023-08-31 11:50:48,2000-08-30,"27685 Randall Mountains
North Morgan, FL 49410",Port Michelle,Illinois
7b2af966-ea5d-4368-89b8-e919eecb4638,Carrie,Pham,pham.carrie@clark.net,+237 6543928023,2024-08-05 01:40:38,1967-04-18,"USS Norris
FPO AP 36312",New Adamtown,Mississippi
ec1dddd5-76b2-4c81-89bb-0ff2e519cc7b,Darlene,Green,green.darlene@jones-mills.com,+237 6525309313,2021-06-06 20:00:07,1993-06-25,"USS Little
FPO AE 62233",Lake Jasmine,California
bab665ab-329d-40df-88b6-135545a91211,Abigail,Burnett,burnett.abigail@jackson.com,+237 6875396777,2022-01-10 11:41:03,1940-04-15,"4102 Wright Isle Apt. 867
Johnsonmouth, NV 43158",Karenbury,Maine
5b54dd92-6887-415f-930e-23712e7f9a0a,Matthew,Stewart,stewart.matthew@walsh.com,+237 6873397445,2023-08-15 18:58:43,1941-08-03,"946 David Lakes Apt. 273
Richardtown, WA 65554",Melissamouth,Delaware
dc84341a-eaca-4d84-9720-8bb88db1176d,Marvin,Haas,haas.marvin@ruiz.com,+237 6214901502,2021-05-10 06:58:18,1964-05-25,"USS Stanley
FPO AA 92125",Stephaniefort,West Virginia
f492fb18-5fde-40fa-a063-1d9d08cc9e9f,Donna,Russell,russell.donna@williams.net,+237 6548934894,2024-01-19 10:55:19,1935-10-16,"42705 Thomas Manors Apt. 783
Paulabury, CO 19041",Lake Kenneth,Oregon
e9f85ff3-1b8b-4ae1-b335-8d6c2d9b6f2f,Ashley,Henry,henry.ashley@murphy-brown.com,+237 6210614855,2022-08-09 01:26:27,2001-08-07,"23392 Porter Ways Suite 259
Christopherfort, IN 80885",Stewartburgh,Kentucky
dd7ec0d9-408c-4b03-8f35-31a412e7aaf7,Maria,Perez,perez.maria@holmes.biz,+237 6273920135,2023-04-07 11:41:24,2002-08-19,"54867 Maureen Burg
Josephborough, LA 31878",Carlosburgh,Kentucky
322c4511-f054-473f-a724-647f0524977d,Richard,Harris,harris.richard@spears-ramos.net,+237 6771805845,2022-09-18 08:17:25,1967-11-05,"USNS Reyes
FPO AP 43616",North Carlosbury,Kentucky
09071055-62b3-4537-83bb-8341a65758d1,Brooke,Schwartz,schwartz.brooke@anderson.net,+237 6779548106,2022-07-29 05:02:46,2001-09-15,"3785 Mario Glens
Solomonton, MH 49412",East Lindaview,Louisiana
f75bb25c-03fb-4344-9b3f-cf604930be75,William,Delgado,delgado.william@castillo.com,+237 6550248870,2021-08-21 21:20:03,1998-03-15,"069 Shelly Lane
Brownmouth, WY 23499",Woodton,Alabama
bb2093f4-7fbe-40f9-b035-60df9e097747,David,Lewis,lewis.david@chapman.net,+237 6214627908,2023-03-22 01:34:34,2006-09-20,"17502 Olsen Islands Suite 557
Lake Elizabethhaven, NH 74216",Jamesshire,New Jersey
14de69f6-9490-4696-be2f-8d0e1e715bd9,Sheila,Singleton,singleton.sheila@walters-walker.com,+237 6851500398,2023-04-28 18:35:52,1961-02-27,"380 Deborah Hills
South Kyle, NH 88487",Liport,New Hampshire
dc3c355b-5e36-474d-889c-a5e740350f43,Melissa,Gutierrez,gutierrez.melissa@williams.com,+237 6528430818,2022-05-25 16:52:32,1980-09-15,"Unit 5742 Box 2802
DPO AE 26919",Greentown,Illinois
44c43e27-ac9d-4787-aa98-ece59c823987,Robert,Hunter,hunter.robert@santiago.org,+237 6709022457,2020-09-10 19:00:38,1984-02-16,"93871 Christy Unions
East Kristen, VA 82419",West Michael,Kansas
50bd12c8-4074-4727-9cef-8a11e433a1c0,Mary,Jones,jones.mary@sherman.info,+237 6800189847,2020-11-04 07:53:17,1986-05-09,"274 Parker Extension Apt. 810
Ericview, KY 63105",Cainmouth,New Mexico
25e71f88-c1da-4ea3-b706-f92c8c4af7ab,Scott,Taylor,taylor.scott@price.com,+237 6761436592,2022-10-02 14:13:35,1993-08-13,"48632 Max Ferry
Lake Josephhaven, CA 32427",North Emily,Virginia
685dad6c-ef8a-43bd-8d5e-e1bbca20c9dc,Rebecca,Campbell,campbell.rebecca@stephens.com,+237 6785883749,2024-04-05 17:54:14,1998-08-08,"122 Clark Branch Suite 813
Vanessaside, OR 45861",Port Rita,Alabama
3376dda5-87ad-4201-a6c2-b095fe77a8f4,Shawn,French,french.shawn@buchanan-baldwin.info,+237 6579645586,2022-11-24 10:03:25,1937-03-06,"2977 Jamie Lake Suite 703
Scottstad, OH 68269",Josephmouth,North Dakota
8f80453c-0da2-4c17-adf6-7f46db32d089,Marcus,Gonzalez,gonzalez.marcus@castillo-jones.com,+237 6212317173,2023-04-26 11:43:00,1936-06-17,"Unit 3378 Box 2813
DPO AE 04603",Rowlandland,Hawaii
2f604d6c-dd47-4a06-b403-e497bad8630e,Lisa,Wade,wade.lisa@ford.com,+237 6564577906,2022-10-04 11:07:42,1962-03-09,"9841 Gary Station
South Kathleenbury, UT 60383",New Sarah,West Virginia
30056f89-24f7-4d25-863e-6a056617f838,Bryan,Harper,harper.bryan@collier-moreno.org,+237 6211843984,2022-09-05 22:16:04,1957-03-20,"885 Crystal Isle
Davisland, NM 14145",Matthewton,Iowa
ccbdd33e-14d8-444a-935a-1d32fa8ae6ed,Michael,Baker,baker.michael@jones-jones.net,+237 6870027973,2021-07-23 12:33:31,1992-04-22,"USCGC Torres
FPO AE 83803",East Jacob,Pennsylvania
f1618ed3-52be-4034-9a39-d2dcca7e1545,Steven,Green,green.steven@johnson-waters.com,+237 6233639852,2022-06-26 19:52:50,1996-05-18,"499 Adams Island
New Andrew, NM 55488",South Travisland,West Virginia
afe329d9-a379-4314-9ce2-61643db35d70,Sharon,Chase,chase.sharon@murphy-malone.com,+237 6829813870,2022-11-16 01:21:44,1989-01-18,"9144 Nicole Port Apt. 800
Alisonchester, ID 08884",West Nathan,Wyoming
e9ee8c9e-da1a-4998-90ac-5165531c001f,Mark,Thomas,thomas.mark@acosta.com,+237 6512049261,2022-08-21 12:03:52,1986-09-05,"586 Schmidt Well Apt. 316
Port Bonnie, PR 36484",Port Johnny,New Jersey
e8f0da56-e780-43dd-a262-eb7b39b7ff0a,Bernard,Moran,moran.bernard@hampton.com,+237 6224071462,2021-11-22 23:25:30,1949-11-14,"555 Michael Rapid Apt. 403
Lake Steven, WV 66269",Lake Lisabury,Maine
04bf970c-8565-49eb-a297-ffa902248f65,John,Robinson,robinson.john@thompson.com,+237 6590371088,2023-04-20 06:07:30,1958-12-05,"3370 Williams Coves
Martinfort, VI 64361",Brownborough,Washington
f93924f2-a29a-41c7-9782-2191619d6e4e,Christina,Haynes,haynes.christina@hartman.com,+237 6243672752,2021-01-08 20:04:55,1974-06-25,"8957 Maria Estate Suite 014
Meaganview, WY 80974",New Natashaport,Arkansas
b6cabedf-c625-4954-b542-f144a0a00c94,Maria,Glover,glover.maria@gutierrez-johnson.info,+237 6803050420,2021-09-18 11:49:42,1969-04-07,"536 Adam Stream
South Bryan, NC 71025",Romerostad,Georgia
03c14939-83d6-4f49-9c4b-5fc330d79920,Donna,Robinson,robinson.donna@little-barrett.com,+237 6597142601,2021-06-01 12:01:14,1978-01-27,"987 Wiggins Hills
Younghaven, PA 76364",East Mark,Texas
834358f5-0d91-4b16-bfbf-c4f17dbe395d,Carolyn,Turner,turner.carolyn@wilson-smith.com,+237 6782074926,2023-01-25 01:43:30,1961-07-16,"2877 Rebecca Skyway
Davidchester, RI 00757",Taylorburgh,Rhode Island
5163234e-9664-41e8-b331-d6ac4e45e213,Anita,Peters,peters.anita@cox.net,+237 6805526611,2022-07-10 18:18:31,1935-07-01,"41107 Meza Lodge Apt. 362
Douglasville, MA 99596",Tanyaberg,Utah
c6145ad7-27ec-42ea-8917-9d5e9634d340,Nina,Williams,williams.nina@hahn-young.com,+237 6517260365,2024-01-14 11:00:04,1945-12-13,"4125 Elizabeth Extensions Apt. 107
West Stacy, AL 66163",Stephenview,Pennsylvania
7ba9b3f9-929c-4290-998b-09089cc40f8d,Andrea,Haley,haley.andrea@braun-dawson.info,+237 6778840224,2020-09-26 11:13:22,1982-08-04,"63260 Eddie Neck
Port Paulafurt, ME 72502",Brandonmouth,California
d02a81fb-bf85-4a8a-a710-5a10d0bd47c2,Benjamin,Thompson,thompson.benjamin@chen-hart.net,+237 6286066703,2022-03-31 22:50:13,1994-11-02,"803 Smith Gateway
Cookview, WI 88563",Port Sandra,Florida
81431fb5-6040-4b0d-aa8e-21368a188171,Karen,Rivas,rivas.karen@baker-reed.com,+237 6870618855,2021-01-26 00:51:26,1955-05-11,"4053 Kimberly Center
West Alicia, NH 74461",South John,Rhode Island
882ffd29-fccb-4255-95f5-bd81fa3cd26f,Lisa,Lewis,lewis.lisa@hines.com,+237 6291719010,2021-04-28 03:32:58,1947-07-17,"861 Wilkinson Groves Suite 243
New Maryland, NJ 61872",South Joseph,Florida
9f496e19-48d9-416a-81aa-907c8972ad33,Steven,Goodwin,goodwin.steven@hendricks.com,+237 6291675308,2024-02-22 11:28:27,1960-07-13,"79232 Medina Locks
Moodyburgh, TN 24070",Tateton,Alaska
6ae454ab-eb5f-41d3-bfc8-8e97f7ace7ee,Terry,Gill,gill.terry@ochoa.biz,+237 6280897734,2023-01-07 18:02:57,2005-11-19,"024 Melton Radial Suite 609
West James, VT 35351",South Elizabethfurt,North Dakota
14d9aee5-f29e-444d-a245-b27d302bca16,Amy,Mayo,mayo.amy@johnson-miller.biz,+237 6849168698,2021-04-04 04:44:09,1937-07-14,"94868 Felicia Oval Suite 920
Estradaland, WA 60116",North Charles,North Carolina
4482cefd-3e4d-412f-a9de-88d3e3793b90,Dale,Wells,wells.dale@wilkerson.org,+237 6885923737,2022-06-20 04:46:41,1966-10-21,"Unit 2893 Box 4388
DPO AE 38630",New Jamesshire,Michigan
e08f594e-255c-45f4-ad04-d8aa03d63c7f,Scott,Fields,fields.scott@wood.com,+237 6298030587,2023-05-13 17:32:23,1953-07-13,"467 Benjamin Parks Apt. 099
North Johnville, WV 04896",Charlesville,South Carolina
f66b1e91-4737-433d-9ad6-a972d96e0ed3,Victoria,Clarke,clarke.victoria@barry-martin.info,+237 6572372253,2023-08-17 10:02:30,1989-08-10,"7149 Kelly Club
Dennisport, KY 85603",West Cristianton,Kentucky
58acc0fb-dee0-40c1-a2b1-13efc4af5599,Ashley,Reyes,reyes.ashley@salazar.info,+237 6523296574,2021-10-21 00:59:37,1960-07-29,"Unit 0839 Box 3593
DPO AA 95828",West Lori,Idaho
07929b38-905f-4e1a-bfcc-dcc32ac01ce9,William,Burns,burns.william@brown.com,+237 6899974255,2022-06-27 06:06:58,1987-09-18,"PSC 6665, Box 9735
APO AP 84778",South Timchester,Virginia
c2361451-3fbc-4e76-b4ed-d833e2e7c9de,Julie,Miller,miller.julie@kramer.com,+237 6870483156,2024-03-03 08:17:23,1999-10-27,"386 Mitchell Ports
Abigailport, MS 62967",Jamieville,Colorado
d016aca1-1f8e-4adb-b257-3b5b35ce7fb9,Nicholas,Jackson,jackson.nicholas@hansen.com,+237 6218687277,2022-02-23 07:37:37,1951-07-17,"Unit 3792 Box 1168
DPO AE 81432",Joannamouth,Maryland
e9c594c1-da7d-4c13-9e2c-af4697ff9ec4,Michael,Rojas,rojas.michael@kaufman.com,+237 6557310149,2023-10-26 11:52:15,1957-12-18,"19181 Silva Motorway Suite 763
North Amandaberg, ND 40491",East Lindseymouth,California
3773487a-243f-492d-a3d0-4804a835ba5f,Levi,Harris,harris.levi@ochoa.com,+237 6228104289,2024-05-05 05:19:05,1998-10-09,"1310 Jerry Courts
New Amanda, NC 64700",East Crystal,Minnesota
09179fd5-49a8-4040-a67a-a4cec58d22c0,Angela,Garcia,garcia.angela@diaz.com,+237 6260202877,2021-12-31 05:23:46,1937-10-28,"69851 Wallace Island
Kellychester, VI 97335",Heatherland,Nevada
31e785f7-6127-45cb-9c86-83ff7632e326,Timothy,Glass,glass.timothy@williams.com,+237 6571903110,2023-05-03 10:15:23,1968-09-21,"184 Stephens Common Apt. 892
Sabrinaland, DC 88979",North Franklin,Pennsylvania
3a9e2a6c-b543-49a2-94fc-77961d4d7fdd,Adam,Hickman,hickman.adam@zamora-maynard.net,+237 6792083784,2023-11-21 02:09:58,1956-07-10,"45585 Karen Points Suite 007
West Lisastad, AS 59624",Charlesview,Maryland
afb94b63-6a2a-47ab-b272-38c08465ce24,Penny,Montoya,montoya.penny@white.com,+237 6532350435,2023-04-17 14:34:39,1990-05-04,"68948 Jones Passage
Lake Angela, WV 21808",Jesushaven,Alabama
39720f38-b31f-43c4-a41a-0056d6e7b884,Jack,Ellis,ellis.jack@caldwell.com,+237 6895591961,2021-02-10 06:44:16,1983-02-14,"8726 Carrie Trafficway Suite 186
Lake Eric, NV 81648",North Andreaborough,Kentucky
b997f4d3-3d7a-4c90-b37d-91a7aa502426,John,Scott,scott.john@young.com,+237 6712948021,2022-04-16 09:17:31,1967-07-31,"USCGC Wilkinson
FPO AP 48332",Brittanyburgh,Illinois
783fbcdf-dc51-4871-830e-9fddb26f8c7d,Robert,Fuller,fuller.robert@lee.com,+237 6771461431,2021-06-12 12:20:30,1976-01-21,"159 Glover Radial Suite 265
Christinehaven, VT 31730",Bryantbury,Wisconsin
262941f6-8010-4db9-b76d-11eb35c4b4e5,Jennifer,West,west.jennifer@howard-taylor.org,+237 6587518614,2020-10-09 17:58:17,1963-01-18,"7247 Crawford Cliffs Suite 752
Jacobberg, PA 11951",Thompsonhaven,Maryland
e07a9a72-4d13-44ec-995a-23b37cae5374,Timothy,Carter,carter.timothy@orr.com,+237 6599269563,2020-09-13 11:01:35,1981-05-25,"0494 Morrow Key Suite 475
Foxland, NM 55726",West Angelburgh,Colorado
36af7c04-d053-48f4-822b-142237429833,Joseph,Haney,haney.joseph@case.com,+237 6284151276,2024-03-06 14:28:06,1937-04-16,"85166 Hamilton Cliffs Suite 516
Port Matthew, NC 79412",Fowlerhaven,Alabama
c87f48af-1164-4f86-97d0-ec8f23393f62,Michelle,Underwood,underwood.michelle@todd-watson.com,+237 6547430968,2023-07-23 11:13:00,1936-01-05,"432 Mahoney Ridge
North Jorge, MO 99069",Blackmouth,Minnesota
27e2a385-ee90-4225-bf8f-e6f994dcb85f,Christopher,Aguilar,aguilar.christopher@harvey-brown.com,+237 6517591565,2020-08-23 02:03:05,2001-06-22,"99546 Wiley Junction
Masonfort, UT 30691",East Deannaside,Maine
a77eebcf-7621-489a-858e-e9c23683c360,Matthew,Torres,torres.matthew@johnson-payne.com,+237 6732410291,2021-12-23 20:40:41,1950-05-20,"87289 Stein Wall
Orozcotown, IL 79284",Kennethton,Indiana
b0d61bd0-6c99-4750-bd83-b43b53959b27,Shelia,Valdez,valdez.shelia@carroll-sullivan.org,+237 6265991421,2024-07-21 06:15:23,1948-05-20,"438 Navarro Glens
Port Alexandra, AL 49706",South Bryanborough,Utah
a8ebd627-3477-456f-a4fc-6766759414e2,Tyler,King,king.tyler@smith-stewart.net,+237 6769606560,2022-06-10 19:35:44,1950-11-09,"992 Diana View Apt. 423
Diazmouth, VA 70586",Sandersburgh,New Mexico
217c758d-9337-4c17-9af1-58c6e8175849,Cassie,Payne,payne.cassie@harper.com,+237 6236256199,2021-03-12 18:27:32,1944-02-03,"Unit 3420 Box 2952
DPO AE 99461",Murillomouth,North Dakota
e0470fb6-c10d-47a6-9aed-ddce05e8d0ce,James,Solis,solis.james@garner.com,+237 6736491007,2022-02-15 15:14:17,2003-03-07,"66701 Gonzalez Glen
Christianfort, GU 07395",Port Stephanieland,South Carolina
7224a4e3-6325-4145-8900-312d24f60dc6,Roberta,Hawkins,hawkins.roberta@myers.com,+237 6287624438,2021-12-22 10:23:34,1986-01-20,"56968 Anderson Pine Apt. 944
Calderonport, UT 10260",West Robert,Maryland
ebdc3120-b509-4477-8b87-e1fe1dc3f240,Kimberly,Weaver,weaver.kimberly@gordon.com,+237 6867684154,2022-04-23 22:42:35,1940-06-04,"48620 James Vista
North Bryanton, MD 55158",Carneyton,Utah
065c9d5c-eb00-46b9-bbb0-165ea42ac5ae,Mario,Melendez,melendez.mario@bryant.com,+237 6261899089,2023-08-22 11:27:18,2005-11-01,"9043 Colton Circle Apt. 319
Port Hollymouth, NM 93251",Mcmahonbury,New Jersey
568480d1-aaeb-4772-b536-86364385a731,Alexander,Padilla,padilla.alexander@hooper.net,+237 6249913510,2020-11-01 12:05:31,1934-07-07,"90047 Burch Divide
Whiteside, MN 08224",North Daniellefurt,Oregon
1e751261-c589-4482-932b-a48e3997b9df,Danielle,Ramirez,ramirez.danielle@medina.biz,+237 6847468951,2023-02-11 14:43:25,1974-12-25,"15492 Burns Circle
Stevensmouth, KY 65400",West Davidmouth,New Mexico
856dba6a-da5e-471a-a6f2-a362fdc8996b,Brianna,Morgan,morgan.brianna@williams-campbell.biz,+237 6888786122,2020-11-09 07:48:19,1936-04-14,"96045 Patel Shores Apt. 927
North Julie, GU 01267",Torresside,Mississippi
1ce128b6-4ade-45d2-b5b2-6d26a30964a4,Alexander,Brown,brown.alexander@becker.biz,+237 6552303022,2021-02-17 08:08:27,1950-09-19,"47566 Jacqueline Village Apt. 539
Douglasburgh, VA 90887",New Jeffrey,Washington
d9514dc5-4908-4a4a-a3cc-95638f4bcc29,Rebecca,Hawkins,hawkins.rebecca@medina.com,+237 6878552098,2022-06-02 04:06:03,2001-10-02,"290 Barrett Landing Apt. 581
North Rebecca, MO 05060",Bellville,Oregon
15b40e78-94f2-4785-81d3-ac167ed09692,Jose,Campbell,campbell.jose@walker.info,+237 6593457986,2022-05-06 09:28:19,1935-11-28,"55349 David Ways
North Rebeccamouth, IA 45437",Lake Chelseaview,Illinois
558741e4-8129-49f2-88fa-74bfac60715b,Kelly,Koch,koch.kelly@yu.org,+237 6221279036,2021-02-16 20:08:00,1944-08-18,"307 Moyer Causeway Apt. 570
Lake Brittany, ID 10779",East Martin,Michigan
f869a71a-dacb-4992-89e6-bea7dd53ddfb,Dakota,Meyer,meyer.dakota@warner.com,+237 6741247869,2020-08-23 04:13:18,1972-03-04,"335 Jones Mission
East Jasonfurt, AR 79803",Port Randyfurt,Oregon
8cdcef3d-ea93-4db9-8034-32b6fba3bd85,Jacob,Clay,clay.jacob@rivera-hall.info,+237 6254300793,2022-07-08 15:43:34,1938-07-25,"11733 Shirley Burgs Suite 830
Port Richardchester, OH 57850",Wrightville,Nevada
71e0c8c9-2df1-40e6-86fb-0f0131a4c579,Seth,Henry,henry.seth@cook.com,+237 6813266470,2022-02-13 22:37:34,1953-07-10,"131 Snow Fields
Hollandton, UT 61583",Jerrymouth,Colorado
b20561ba-854f-4d91-b044-d5faddeb6f0b,James,Daniels,daniels.james@turner-ford.org,+237 6272506480,2021-04-02 07:39:28,1989-07-22,"7505 Gutierrez Roads
Derekchester, DC 39781",Steinstad,Colorado
c2e5391f-fd83-44c9-a710-00dd9861c61e,Brandon,Tanner,tanner.brandon@poole.com,+237 6821466990,2023-08-07 21:52:07,1959-08-30,"346 Garcia Union
Port Wendystad, KY 67987",Rasmussenland,Maine
ff1362ed-fa06-4cc6-b75b-564a9bacb23c,Gregory,Lawrence,lawrence.gregory@riley.com,+237 6738579483,2023-04-15 00:30:29,1955-01-19,"20918 Joshua Village
Port Trevor, WA 19645",Sullivanview,North Carolina
ab9de5c0-c103-450a-aa95-73e5c2eaf3cc,Latoya,Monroe,monroe.latoya@moore-harrison.com,+237 6558570114,2020-08-18 18:13:08,2004-06-02,"PSC 0300, Box 4947
APO AA 73722",Theresamouth,Vermont
8f099b61-1103-4f7e-ae87-c2731a3fe57c,Jessica,Lee,lee.jessica@rodriguez.com,+237 6283786748,2020-09-11 13:55:24,1997-09-26,"7236 Charles Union
Lake Cherylhaven, OK 78587",Wallaceside,North Carolina
e45abecc-8d0f-4aba-8838-1ab9184398d9,Stacy,Hickman,hickman.stacy@smith.net,+237 6711971265,2022-08-25 00:39:39,1987-06-11,"1626 Jones Stream Suite 670
North Kevin, GA 41074",Jimenezfort,Missouri
73293906-f0f8-45dd-bd2f-4903e1505270,Gregory,Lopez,lopez.gregory@ortega.com,+237 6795728969,2020-08-28 00:21:33,1937-02-15,"54067 Hodge Extension Suite 255
West Jasonside, PR 94113",South Nicholasfort,Oregon
b55e50c7-f1e0-483a-bac5-2834461a293b,Jeremy,Rodriguez,rodriguez.jeremy@pruitt.net,+237 6860153438,2020-10-15 01:50:33,1950-10-28,"USCGC Guerra
FPO AP 37031",East Tonifort,Nebraska
ce12ebf8-1f1f-46a9-83e6-4ec5da546237,Matthew,Gordon,gordon.matthew@christensen.com,+237 6709238647,2023-06-28 03:35:41,1984-03-16,"63627 Robert Summit Suite 647
West Samuel, VI 96409",East Heather,Michigan
dc07cfc5-2dc6-4df3-b180-b9529912b923,Abigail,Sullivan,sullivan.abigail@macdonald.com,+237 6537454853,2022-09-06 17:52:11,1962-09-08,"837 Gibson Oval Apt. 872
Thomasstad, PR 45611",North Ronnieport,California
e46b15e1-47d2-43f7-8419-ea2c74388be1,Ernest,Thomas,thomas.ernest@ramirez.com,+237 6870385759,2024-03-29 09:51:56,1967-04-04,"Unit 5097 Box 0147
DPO AA 39382",New Kelly,New York
1a70dbaf-24e7-4150-b853-a754064aeb9a,John,Adams,adams.john@garcia.org,+237 6596502081,2024-07-09 23:48:12,1962-02-27,"Unit 1851 Box 5287
DPO AA 88337",Lake Kimberly,New Jersey
1a7c89ac-6489-4cd5-aa70-9e4361b2d00f,Alexandra,Vasquez,vasquez.alexandra@patterson-brooks.net,+237 6707125849,2021-12-03 16:47:01,1991-01-29,"PSC 9285, Box 9747
APO AA 30524",Gordonberg,Pennsylvania
e614ad69-5069-4cda-8382-f43f5887afc1,Erin,Parsons,parsons.erin@mitchell.com,+237 6762850392,2022-06-26 21:48:33,1949-04-20,"6726 Rose Key Apt. 155
New Tracy, WY 29105",East Brandon,New Mexico
6b8f6c6e-24d5-4f04-b697-28ee61dc44a7,Manuel,Irwin,irwin.manuel@johnson-mooney.com,+237 6746872545,2021-03-05 23:19:13,1972-09-22,"PSC 4975, Box 3714
APO AA 83756",Kaiserborough,Oklahoma
76198567-44e4-4b2e-8c61-e2da0b29a70c,Jennifer,Schmidt,schmidt.jennifer@clark.com,+237 6808231365,2022-03-26 07:53:42,1975-10-03,"361 Leah Crossing Suite 471
Espinozaborough, KS 52273",Mikeburgh,South Dakota
93805c6b-9dc7-4935-9ce5-bae401317193,Ryan,Gomez,gomez.ryan@holden.net,+237 6206685920,2020-12-05 20:29:05,1953-04-24,"60470 Curtis Passage
Clarktown, SD 98378",North Antonio,Florida
7ff3cec4-b487-4703-955b-d0355f6a430f,Michael,Johnson,johnson.michael@yoder.biz,+237 6879728080,2021-12-05 21:41:04,1984-12-13,"75227 Amanda Underpass Apt. 790
North Hannahstad, MH 15265",Lake Richardside,Montana
6a386d5a-7ea3-4d55-97ab-f733f097f8ca,Amy,Pitts,pitts.amy@bailey-tucker.com,+237 6879133190,2022-01-24 11:24:06,1942-02-23,"6525 Sosa Mills Suite 267
Garyside, TX 83967",Huffmanland,Louisiana
940c53ca-ae4e-4755-a648-de53ca41b162,Sarah,Hart,hart.sarah@ramsey.com,+237 6548515083,2022-06-12 12:54:33,1955-02-17,"4697 Wilson Via
Lake Kathy, NV 25073",South Marthafurt,Maine
86118260-4ca1-43c5-9827-2f6b908ae0ee,Beth,Davis,davis.beth@henry-love.com,+237 6542652673,2023-07-26 18:52:09,1978-10-07,"5404 Jacobs Overpass Apt. 619
Rodriguezstad, HI 02224",Miguelburgh,North Carolina
ef0dc530-d00b-4a9f-b3a4-d13b15734c28,Lawrence,Garcia,garcia.lawrence@mccall-williams.net,+237 6817846139,2023-08-20 16:27:38,2002-10-03,"338 Christine Motorway
Gilbertville, MD 76475",Port Heatherside,Connecticut
14e85f72-d616-4a93-89c9-eb4ce03709aa,Ashley,Hall,hall.ashley@collins.com,+237 6587535057,2023-06-17 14:49:22,1951-05-24,"7275 Ellen Road Apt. 795
Donaldport, PR 35067",Adamburgh,Nebraska
47c1dbaa-ec6d-4fc9-95f9-4abcba626ef6,David,Webb,webb.david@gray.com,+237 6296323892,2023-05-26 15:08:19,1939-01-21,"PSC 8873, Box 4487
APO AA 04613",Calderonhaven,Delaware
5c5c8b2d-cf74-4e4e-a6c9-b50ec594d926,Steven,Hansen,hansen.steven@fernandez.org,+237 6743492231,2024-04-03 01:35:23,1934-06-24,"813 Jessica Fort Suite 359
North Gabriella, NM 62611",West Sherrymouth,Michigan
ba986b07-3e81-4d64-b667-b5fac22d7f69,Patrick,Sullivan,sullivan.patrick@ballard-lee.com,+237 6840170462,2022-09-14 11:34:35,1941-08-24,"3304 Scott Mount
Williambury, MD 14136",Valeriefurt,Nebraska
6406de1a-9936-4946-abd6-54477166083b,Aaron,Murphy,murphy.aaron@page-hudson.net,+237 6280459795,2021-07-30 11:58:30,1988-12-23,"38142 Bennett Island
North Garrett, FM 66466",North Kathrynborough,New York
cfa6ea7f-6c4b-4ccf-a26b-66bfb1b4b38d,Jeremy,Acosta,acosta.jeremy@moreno-pena.com,+237 6228713102,2023-08-24 20:36:12,1966-04-19,"6284 Nicole Overpass Apt. 125
Lemouth, OR 43135",Deleonborough,Tennessee
7e5004f3-98fa-4445-bef8-53eaf7838d71,Kathryn,Blanchard,blanchard.kathryn@maldonado.com,+237 6585170213,2021-07-16 18:47:34,1989-10-31,"14856 Jay Hill
Richardberg, NC 08422",Kellyville,Missouri
1ab60035-1482-4d55-8af3-a63622d14ec9,Mark,Shepherd,shepherd.mark@armstrong.com,+237 6763650399,2021-02-21 04:33:12,1980-12-28,"994 Davis Squares
Millermouth, WV 93191",Vangshire,Alaska
5a7811ff-60dd-440e-9278-4ee91ae8dbaf,Janice,Rodriguez,rodriguez.janice@grimes.com,+237 6588942215,2021-09-18 02:52:41,1991-03-10,"577 Yvonne Run Suite 415
New Margaret, OH 78109",South Rebecca,Alaska
c1b4cd45-cc44-4e55-a44c-d8c8a9e79681,Vanessa,Mercado,mercado.vanessa@manning.com,+237 6709176802,2020-12-31 14:47:13,1953-04-27,"3493 Hamilton Inlet Suite 281
Jademouth, TN 22209",Reedton,Maryland
34a52282-8ab5-4726-b50f-ed0d0160d31d,James,Brown,brown.james@khan.info,+237 6291411177,2021-04-22 23:06:18,1990-03-17,"4813 Anderson Manor
Brownport, IN 71198",Lake Heatherville,Illinois
09a2404b-e112-4954-84a6-e2531d654852,Lance,Lopez,lopez.lance@smith.com,+237 6773277147,2021-11-29 01:01:33,1963-09-14,"USNV Taylor
FPO AE 75449",South Juan,Connecticut
c2a7e646-40fc-4b5e-93b1-8734d2e045ff,Hannah,Clark,clark.hannah@bryant.com,+237 6844559874,2021-12-25 03:46:26,1937-05-14,"319 Reed Field
West Karla, VA 57223",Allentown,Connecticut
d84b4f5a-b382-4abd-ac81-4573051e49fd,Richard,Davis,davis.richard@knight-james.com,+237 6529139026,2020-11-28 13:52:51,2007-04-15,"8794 Gonzalez Rue
New Michael, TX 02649",North Allen,North Carolina
01f3758e-0616-4db3-aaf3-2f23c69ac0f9,Ryan,Norris,norris.ryan@jimenez.com,+237 6250526686,2020-08-20 19:50:03,1991-08-02,"89828 Cook Mills
South Cindy, IN 03300",New Ronald,Pennsylvania
d55c952f-0059-4e74-b8c4-6abc86330b03,Darlene,Davis,davis.darlene@gonzales.com,+237 6830443800,2022-10-11 18:10:25,1939-03-15,"6204 Moore Shores
North Margarettown, MO 55225",Martinborough,New Hampshire
b0ea6998-3532-4d3d-aad7-a12a20667653,Tina,Ortiz,ortiz.tina@sandoval.info,+237 6723752721,2024-01-20 03:48:07,2003-07-23,"3159 Baker Ports Apt. 848
East Christina, WA 55819",North Williamport,Missouri
95568ce0-24cf-44d1-a7ca-092ee0544faa,Joshua,Roberts,roberts.joshua@acosta.com,+237 6504479735,2024-03-25 16:03:59,1945-07-23,"434 Greene Crescent
North Brenda, GU 13903",Jonesfort,New Mexico
e32b6372-1586-47c1-b638-4ff870637037,Daniel,Proctor,proctor.daniel@rocha-holloway.net,+237 6886327272,2022-05-25 10:47:13,1994-01-23,"814 Brock Field
South Angelchester, AS 69386",Lake Johnmouth,Delaware
b775ec3a-912f-4b72-80c7-e54124792bdd,William,Gray,gray.william@daniel-kennedy.com,+237 6280787581,2023-07-12 08:42:55,2004-12-12,"038 Robert Hills
Rodriguezchester, OK 06002",East Tiffanyhaven,South Dakota
caa9e580-70f9-402e-ac9b-5b6e2a7d9dca,Deborah,Kelley,kelley.deborah@davis-jackson.com,+237 6289537746,2021-04-09 12:19:50,1994-02-27,"1952 Richard Gateway
East Vickihaven, FL 73031",East Jon,Tennessee
3e477a53-6d2b-4d03-830c-3d1779e23c97,Maria,Ruiz,ruiz.maria@reynolds-rodriguez.com,+237 6531580904,2021-08-31 20:19:53,1977-03-10,"1360 Kelley Mountain Apt. 037
Greerport, OH 04968",Davidport,West Virginia
60398e60-5cfa-400f-bf7d-4d17fbdab4f0,Mary,Barker,barker.mary@smith.com,+237 6797876514,2020-09-01 06:47:48,1994-01-14,"051 James Views
Spencershire, CA 23341",Webbfort,Alaska
4f1fc84d-3d54-49b6-827d-3b951a55797a,Stephanie,Smith,smith.stephanie@wright.com,+237 6804691808,2022-02-14 04:29:33,1996-11-28,"2656 Madeline Points Apt. 428
Lake Adrienne, OK 90328",Thomasberg,North Dakota
e8d840f4-994e-4b2e-a948-e20d3ea5ea03,Christine,Harmon,harmon.christine@sharp.org,+237 6801863538,2022-02-24 18:27:26,1988-07-20,"34177 Christina Rest
South Matthewmouth, UT 80028",East Thomashaven,Louisiana
32a23baf-4093-4213-8e7f-6b677030e8ab,Katelyn,Moore,moore.katelyn@johnson.com,+237 6580386303,2023-04-29 06:53:20,2003-03-20,"1303 William Square
Nicoleland, CT 29579",Novakberg,Hawaii
0b9d22fb-e744-4bc3-b93a-8fb7c684da34,Samuel,Mcdowell,mcdowell.samuel@mcclain.com,+237 6771667148,2021-07-27 17:32:19,1989-04-17,"08978 Bradley Square
Sullivanton, MA 05226",North Charles,Illinois
d9e4e03b-0438-4ead-9412-47c8de69ca69,Dennis,Bartlett,bartlett.dennis@smith.com,+237 6838513591,2022-09-27 15:00:12,1995-01-24,"0195 Tiffany Causeway
West Brandon, AR 99101",Roberthaven,Nebraska
30c499d6-5684-4c4b-b7b8-457469658c90,Abigail,Huynh,huynh.abigail@garcia.net,+237 6816812849,2024-03-10 04:41:40,1939-03-09,"6693 Becker Route
Ninaport, MO 24606",East Jeanside,North Carolina
44d21671-eacb-4361-8282-93deaad4adfd,Elijah,Day,day.elijah@saunders-reese.com,+237 6506838022,2022-12-21 04:29:02,1974-07-18,"892 Pena Underpass
Colinburgh, KY 64331",Johnsonfurt,Kansas
7a1e8087-e259-43a9-a10b-1d39f51cc593,Zachary,Mcdonald,mcdonald.zachary@schultz-li.net,+237 6281556471,2021-05-27 18:11:41,1959-05-07,"31745 Zimmerman Hill
South Corey, ME 45362",Valentineshire,Nevada
b610e51a-7d82-485c-991d-743c58e75abe,Deanna,Young,young.deanna@taylor.com,+237 6778067749,2024-06-18 23:08:48,1988-09-04,"732 Gonzales Mountains Suite 766
Wilsonbury, AZ 56767",West Melissaside,Arkansas
96edb318-fb95-4938-b084-ee1858396835,Ashlee,Gomez,gomez.ashlee@edwards-greene.info,+237 6294507526,2023-03-18 12:20:51,2005-08-21,"USS Sanford
FPO AP 35301",Kevinborough,Delaware
be8dcc0a-6a42-4cca-8fc5-33fd6313e8a9,Michael,Patterson,patterson.michael@proctor-holmes.com,+237 6279188992,2024-01-11 05:19:03,1960-06-23,"581 Sergio Squares Apt. 591
East Raymondview, MD 18773",Paulfurt,Iowa
d9a52697-49c8-4a39-ad40-79d73f1e77bf,Caroline,Brown,brown.caroline@carpenter.com,+237 6894906503,2021-11-11 05:34:47,1946-05-29,"0406 Quinn Lock Suite 576
West Lauraville, NY 84377",Cabrerastad,North Dakota
ad1e9564-c159-4ecb-9bb1-0e4e809798f4,Linda,Thompson,thompson.linda@johnson-castaneda.com,+237 6752365417,2024-07-06 13:36:39,1950-09-19,"09630 Bates Curve
South Luisland, TX 10066",Melindaburgh,Florida
ccff9295-8520-46c6-ab8e-5b3dea1739fa,Jennifer,French,french.jennifer@rivera-klein.biz,+237 6813081664,2022-01-13 03:01:00,1964-04-17,"0745 Bennett Well Apt. 711
Anthonychester, CA 80725",Alecstad,Nebraska
b034c4a9-025b-4fc2-bfdd-7a02d5a349a4,Bradley,Mckinney,mckinney.bradley@gardner.biz,+237 6581532465,2022-06-06 08:27:16,1946-06-09,"652 Baker Lodge
Carpenterport, MS 18884",Bonniefurt,Maine
d16f3fd8-853d-4323-a424-1e11cd885b99,Corey,Joseph,joseph.corey@ferguson.com,+237 6801286780,2021-09-17 01:32:58,1998-03-10,"84698 Victor Course
Markstad, MI 96590",West Katiechester,Wisconsin
e17c40d2-8037-4fb2-aba4-4a8c86f36e66,Johnny,Gonzales,gonzales.johnny@kelley.com,+237 6538685501,2024-01-21 03:10:21,1970-02-27,"USNV Hardy
FPO AE 97277",Kylebury,Alaska
f4114b53-7941-45a2-ba43-5c12e7c1abb9,Joshua,Barajas,barajas.joshua@combs.biz,+237 6872999174,2022-09-26 16:38:11,1986-12-05,"Unit 2613 Box 2827
DPO AP 07317",Cynthiaberg,Nevada
e80e2c8a-5fe0-4843-b9bd-9cd4c350bd36,Nathan,Kennedy,kennedy.nathan@waters.org,+237 6705474800,2024-05-29 23:23:33,1957-03-20,"589 Joanna Neck Suite 503
West Bradleyville, IA 95595",Johnsontown,Minnesota
76a032e0-d1cc-4a2d-b7b7-489530e5dc7c,Samantha,Harris,harris.samantha@sanchez-williams.com,+237 6761298799,2022-03-04 03:12:06,1935-10-12,"559 Christopher Mountain
Lake Angelabury, IL 96046",Butlerberg,Rhode Island
91a8dccf-d6ec-44c7-b1c1-eac7caf2935d,Robin,Brown,brown.robin@goodman.info,+237 6833078308,2021-02-19 21:41:29,1970-11-19,"9155 Ryan Landing
West Cynthia, CT 92137",Hessfort,Florida
7e9d5f78-91dd-4c11-945a-66eb21abffc8,James,Jones,jones.james@smith.com,+237 6789630030,2023-03-14 09:12:03,1965-11-04,"97872 Thomas Estates
North Marietown, OH 65873",Justinstad,New Jersey
8506e314-5384-4d73-a7b2-04a4a70398db,Stephen,Mills,mills.stephen@wright.com,+237 6832258656,2024-08-01 21:01:36,1997-05-23,"174 Roberts Dale Suite 933
Priceborough, AS 79610",South Andreaborough,North Carolina
2275967e-1d10-4ded-a59a-05d148d5ebbd,Felicia,Clayton,clayton.felicia@allen.com,+237 6225621803,2022-04-18 02:20:23,1962-09-17,"1845 Garcia Crossing Apt. 647
Peggymouth, WY 14269",Williamston,Idaho
b650ed43-b89d-4fc6-be62-5ccdfe9040f0,David,Newton,newton.david@burton-garcia.com,+237 6213636980,2020-10-25 16:08:39,1953-09-05,"56258 Fleming Alley
Davidfort, ND 69117",East Sarah,Alaska
35cbd2cc-b4c7-452e-9e3f-adfff471babc,Brianna,Adams,adams.brianna@martin.info,+237 6809840266,2021-03-20 14:07:24,1974-06-25,"060 Bass Islands
Castillotown, KS 41073",Lake Jamie,Mississippi
85e19efc-f180-4238-8613-4c0db336533e,Jonathon,Reese,reese.jonathon@perez.com,+237 6703043651,2023-08-19 08:43:25,1938-04-08,"USNS Miller
FPO AE 69386",Aimeeville,Alabama
fc2ab554-08b3-4406-87fb-0131904427d4,Joshua,Stone,stone.joshua@yang.org,+237 6578180991,2023-06-21 22:02:43,1962-07-18,"8291 Williams Mountain Apt. 455
Barnesbury, ME 07649",New Bradleyberg,South Carolina
cc46e610-d328-4c6f-843f-c062f47b4a46,Thomas,Johnson,johnson.thomas@stout-brown.com,+237 6259979250,2020-12-09 16:40:58,1971-12-10,"32753 Adam Flats Apt. 243
North Austinfurt, NJ 19987",Port Melindaberg,Mississippi
4308b4bb-c006-4ce0-9959-91a61e48a163,Donald,Morgan,morgan.donald@davenport.com,+237 6287967951,2023-11-09 11:30:52,1944-10-22,"765 Richard Via Suite 689
Randyton, KS 51619",Adamchester,New Mexico
035dec99-d724-4d62-8e47-e2ce00784c8e,Amber,Adams,adams.amber@lawrence-smith.com,+237 6786100752,2022-04-22 20:10:03,1997-08-09,"7788 Andre Lodge Apt. 007
Dyerborough, IN 13867",Gomezmouth,Oklahoma
aefb63d5-a3d3-4b1b-9942-9d9d1d2cac67,Melissa,Hudson,hudson.melissa@salas.com,+237 6283219442,2023-03-18 03:29:07,1957-04-16,"Unit 9011 Box 5360
DPO AP 71483",Edwardton,Missouri
6f455d44-f5eb-4de8-968b-fea590ee82ed,Michelle,Hall,hall.michelle@welch-hughes.com,+237 6706680879,2022-11-16 04:01:27,1967-05-15,"70298 Jessica Ridges
Michaelville, RI 60608",Port Tracy,Delaware
b8b51570-2427-47ff-b2cb-dfa38deb4274,William,Keller,keller.william@spencer.com,+237 6515489089,2021-01-24 09:11:58,1955-12-26,"USNV Allen
FPO AE 78341",Cabreraberg,Montana
d2d22185-a1c8-4a9d-9000-5a0be724f5c8,Deanna,Collins,collins.deanna@cox.com,+237 6813323963,2021-01-18 07:01:54,1987-11-09,"7008 Alex Crest Suite 494
Myersbury, AK 45271",Tranbury,Texas
353da869-d2c2-4e53-88a4-550907aa4a37,Claudia,Smith,smith.claudia@wilkins-cameron.com,+237 6500396600,2022-04-02 11:35:12,1994-05-05,"44532 Massey Square
Paulbury, LA 71394",Fletcherland,New Hampshire
9f6a1652-1834-4fc2-8e82-9c2391972a6f,John,Ryan,ryan.john@davis-murphy.biz,+237 6231584427,2023-09-26 02:44:25,1964-02-23,"385 Lowe Cliff
Annfurt, NH 65455",South Karenmouth,Tennessee
d45f087a-73f0-4985-908b-a102fb44b749,William,Tucker,tucker.william@hines.org,+237 6515489774,2020-08-24 01:39:12,1962-07-17,"9479 Obrien Spring
West Matthewshire, WV 42865",Lake Barbaraburgh,Washington
4aed6c18-fe47-4e88-9c1a-4d36892aae1a,Kristin,Maxwell,maxwell.kristin@bailey.info,+237 6760139922,2023-02-16 02:07:05,1997-08-28,"56059 Obrien Road
Jackstad, UT 99886",Lake Mary,Vermont
eba6e201-e3a3-4e90-8ba7-b38b2a002531,Linda,Gonzalez,gonzalez.linda@simmons.com,+237 6704723931,2023-06-30 13:33:15,1995-11-25,"330 Melissa Falls
Christineland, RI 36528",Glennstad,Texas
bd22456a-f209-4fd3-b4ab-e4a7a8597af0,Randy,Cole,cole.randy@malone-brown.info,+237 6573814404,2021-02-17 14:22:26,1974-11-27,"0034 Martha Skyway
West Dominic, DC 18675",Mariatown,West Virginia
19456bf7-d6da-4df5-b0b8-6b4c16a335e1,Bryce,Bailey,bailey.bryce@peterson-stanley.com,+237 6745359121,2021-01-25 23:29:43,1950-07-26,"7427 Corey Fork
South Brandi, MH 36389",Kimberlychester,New Hampshire
1fef2c3d-4c51-4ec5-bd9c-5478f5a595c0,Douglas,Williams,williams.douglas@black.com,+237 6283481598,2021-08-19 14:00:54,1941-12-16,"4529 Jeff Parks Suite 784
Riceton, GA 71280",Mitchellbury,Colorado
591f5e96-a91c-414d-9a04-6d0dff810673,Angela,Davis,davis.angela@morales.com,+237 6805352215,2022-04-05 10:06:50,1970-11-01,"537 Kelsey Park
East Connieberg, CT 62281",Stephenville,Tennessee
34850d6e-262d-4014-a44b-0fc94f0b2f1d,Eddie,Campbell,campbell.eddie@taylor-valenzuela.com,+237 6267640570,2023-05-20 11:07:45,1969-02-13,"393 Rogers Spring
Ashleymouth, FL 45051",Buckleymouth,Minnesota
48ee3744-5493-415f-a646-0767e645ffa2,Aaron,Rojas,rojas.aaron@buchanan-vega.org,+237 6749332111,2022-06-05 01:40:12,1973-11-14,"750 Joshua Crescent Suite 074
Michaelstad, VI 58333",Lake Brian,Indiana
afdb83e7-dd33-4fa4-953e-684c0a958777,Jason,Porter,porter.jason@little-bennett.biz,+237 6760122833,2021-11-05 16:09:05,1994-10-30,"63497 Patel Station
Randallmouth, AS 76631",Savageville,Vermont
3d743d6c-2843-4c36-983f-84febed5e18f,Jessica,Scott,scott.jessica@roberts-myers.org,+237 6236500451,2022-07-01 18:27:14,1988-11-12,"741 Karen Loop Apt. 451
Youngberg, UT 64070",Garrettton,Missouri
92d3a1f5-28dd-4ea2-9a89-0a91d55db2ca,Tracy,Lopez,lopez.tracy@miller.com,+237 6823642159,2021-01-31 09:26:58,1959-04-19,"237 Newton Harbor Apt. 482
West Zachary, PA 13780",Santosstad,North Carolina
8a7e8c68-fde0-4c46-a6f4-6341e7ca5c9d,Brian,Mclaughlin,mclaughlin.brian@sanchez-evans.com,+237 6505166455,2021-05-09 08:34:07,2003-01-12,"92807 Shannon Villages Suite 559
South Lisa, WA 84945",East Jennifermouth,Idaho
6eebccbc-e885-40ed-b704-65f159f39895,Joy,Sanders,sanders.joy@sanchez.biz,+237 6254903892,2023-11-24 12:18:42,1949-12-23,"126 Wagner Haven Apt. 932
South Ashley, MD 75441",West Traceyfort,New York
d7167f1e-8cce-43b9-a5db-64661e0b2d28,Natalie,Fuller,fuller.natalie@delgado.info,+237 6218417119,2022-07-29 00:14:55,1989-04-07,"41257 Strong Place
Port Amanda, MI 81605",Shelleyberg,Texas
531cdf8c-0eb1-4307-8f04-f4081ebfd459,James,Davis,davis.james@hall-key.org,+237 6750049162,2020-10-14 11:23:13,1953-04-03,"993 Henry Ridge Apt. 685
Spencerside, PR 70294",Port Mark,Washington
56f94234-7b2f-477b-9e01-e1979acd0ca9,Cameron,Craig,craig.cameron@johnson-barnes.com,+237 6227822859,2021-08-25 05:41:09,1988-06-06,"175 Phillips Course
Lake Benjamin, VA 85486",Ronaldmouth,New York
be0dc33b-7835-40fe-9d54-343ea22faa62,Shaun,Sanchez,sanchez.shaun@reynolds.com,+237 6753696684,2021-09-06 00:21:05,1934-04-05,"349 Scott Wells Suite 189
Delgadobury, OH 27707",Webbbury,Oregon
2418e220-365a-43f7-b287-c3638505f8a7,Wendy,Blackburn,blackburn.wendy@brown-richard.org,+237 6722690367,2022-11-11 19:28:21,1967-10-31,"37244 Nichols Burg Suite 941
Lake Michael, SC 65930",New Brittany,Virginia
ed57d4a4-c267-483b-8fd2-93c2c4d991f5,Danielle,Shah,shah.danielle@hopkins.com,+237 6733042446,2022-01-13 16:45:41,2001-05-30,"944 Amanda Via Suite 334
Ponceton, MO 59929",Hahnside,Kentucky
6957c37f-8b68-4c12-b3d3-43c078af7569,Lisa,Holloway,holloway.lisa@andrews.com,+237 6252362688,2023-12-26 17:31:40,2001-07-23,"4485 Wolfe Junction Apt. 160
Williamschester, CO 35985",East Sarahstad,Tennessee
32a82c8f-2b75-4d53-a6ad-1ea24062ebde,Judy,Robinson,robinson.judy@jacobs.biz,+237 6224412691,2023-09-09 12:56:31,1947-03-21,"05374 Mary Rapids
Donmouth, MH 89900",Michaelland,Maryland
45b82a64-1edd-42ea-bc9b-159f28d8c71a,Emma,Santiago,santiago.emma@young-weber.com,+237 6241811509,2022-04-22 16:45:43,1971-04-20,"247 Dudley Ramp
West Jodi, GU 12752",South Erica,Oregon
d83ad31c-6664-4dc2-a9a4-c9e98797daff,Mark,Martinez,martinez.mark@fernandez.com,+237 6839205547,2022-08-06 11:34:42,1975-09-14,"6193 Jeffrey Coves
Brownville, AS 21956",Valencialand,Missouri
8f9a555a-9149-4d1c-90c5-b58bcc2bc082,Pamela,Cummings,cummings.pamela@hall.com,+237 6242142110,2022-04-11 19:45:25,1975-07-16,"756 Kirsten Fields Suite 920
South Erikhaven, NH 95921",West Gregfurt,Oregon
41a3ef32-fcd2-48d9-975a-2aa609f1d500,Steven,Ross,ross.steven@brock.info,+237 6874032566,2024-03-27 06:44:30,1935-11-21,"1896 William Ville Apt. 346
West Samantha, AL 37039",West Michael,Ohio
fd9ddb1d-61bf-41d7-ad1c-82c4d6fe7468,Ross,Quinn,quinn.ross@jones.com,+237 6741833000,2024-06-25 06:32:11,1995-05-07,"7184 Brown Mountains
Port Howardborough, MH 97868",Port Heather,North Dakota
58c76837-e4c9-42e6-90d7-d753f370a8de,Nicole,Johnson,johnson.nicole@johnson.net,+237 6853702668,2023-03-17 03:11:15,1934-10-21,"5863 Manuel Club
East Jessica, KS 35907",Lake Paul,South Carolina
fc49b3c2-76b1-45da-9a30-c8b315e2410e,Jordan,Bennett,bennett.jordan@pratt-pitts.info,+237 6207139712,2024-01-21 16:12:48,1984-07-05,"455 Spencer Skyway Apt. 028
North Shane, GU 22352",Sarahmouth,Alaska
58dd844c-92c9-4b58-8453-876c5937fb49,Randy,Graves,graves.randy@carter.info,+237 6238479162,2022-03-09 12:47:22,1950-09-08,"069 Lee Trafficway Apt. 631
Port Timothy, NE 26438",South James,Michigan
62d2c02c-bcde-448b-bd6d-8d641590337f,Lisa,Walton,walton.lisa@wallace.net,+237 6827121436,2022-08-25 17:35:32,1966-06-14,"PSC 0598, Box 7307
APO AE 75683",South Alexander,Oklahoma
9994fb3f-3edc-422c-a72d-196f895939dd,Edwin,Spencer,spencer.edwin@lester-torres.com,+237 6599969060,2021-07-07 02:58:18,1994-09-27,"66965 Brian Garden
Dickersonchester, VI 75491",Johnside,Pennsylvania
b6b77a1a-3cb0-4a5e-be5d-fccc11a45a6e,Malik,Chavez,chavez.malik@gomez.com,+237 6246875614,2022-09-17 04:11:56,2005-12-23,"66491 Hunt Stravenue
Nicholefurt, CO 51964",Davidside,Kentucky
e40acbae-dca2-4595-bfab-557492b0b737,Alicia,Cannon,cannon.alicia@ho.net,+237 6707631680,2024-05-25 01:53:10,1992-11-29,"9085 Stone Cliff
East Rachaelshire, NC 34851",West Danielland,Florida
250d89e3-431a-4521-bda9-76d188196e73,Daniel,Mccormick,mccormick.daniel@schroeder.com,+237 6523705761,2020-08-18 12:00:24,1958-12-08,"777 Wright Groves
Lake Randall, AS 21486",North Paul,North Carolina
f5a71e30-6f32-4508-9fa5-3ff0cfa7a1d1,Denise,Jackson,jackson.denise@morgan.com,+237 6209320826,2023-03-21 03:37:31,1965-07-20,"79953 Chelsea Mills
Thomasville, CT 77275",Port Joshuabury,New Hampshire
4b483801-63b6-4016-9cb3-665f0d59d041,Gary,Flores,flores.gary@butler.info,+237 6509202086,2020-09-05 04:50:25,1966-09-17,"407 Gonzalez Isle Apt. 767
North Christopherport, MI 93055",Port Keith,Nevada
bcbb1953-733d-4f38-ba6c-97465b45be3e,Justin,Walker,walker.justin@harvey.org,+237 6597161881,2024-04-22 22:33:24,1955-04-17,"579 Laura Expressway
Stewartbury, NJ 53882",Gregorytown,Wyoming
98c052bb-1091-4dfb-b5ac-625b5ab3e907,Jessica,Wade,wade.jessica@barnett.com,+237 6896303563,2022-01-17 10:53:27,1938-07-20,"3983 Julie Mission
Martinezhaven, CT 81533",Butlerview,Massachusetts
5fab9441-55f9-483d-8e1c-b41e0c5a5386,William,Jones,jones.william@baker.com,+237 6700195652,2022-08-31 01:19:57,1989-04-16,"266 Wilson Courts Apt. 198
West Cherylbury, WV 30029",Ashleyview,Ohio
26a79591-a82d-49a8-978c-8db412043d28,Michael,Green,green.michael@cox.biz,+237 6502569628,2023-09-28 04:42:31,1957-03-11,"859 West Flats
Rachelfort, NH 54823",North Stanleymouth,Wisconsin
f5c77030-225c-409b-a2fc-b7986e6d1498,Joseph,Cross,cross.joseph@hendricks.biz,+237 6599631651,2022-10-12 16:29:34,1940-03-24,"PSC 5003, Box 1786
APO AE 41599",Sullivanmouth,New Mexico
c4ebca14-d294-4241-a471-4d5dbe7bbacd,Thomas,Nelson,nelson.thomas@harris.com,+237 6527375372,2021-04-17 20:35:26,1950-07-31,"507 Fuller Forge
Barbaraview, OH 54484",South Stephenmouth,Washington
9ea513f7-74a2-4afe-b789-0c2a363bf3c4,Elizabeth,Farrell,farrell.elizabeth@cole.com,+237 6201110107,2022-10-31 18:00:58,1960-02-08,"77972 Peterson Island Suite 578
Jeffreyland, UT 06386",New Tonyaview,California
3377bbf5-d987-4fa5-b5f8-74637278c2d9,Kevin,Deleon,deleon.kevin@schmitt.com,+237 6540131695,2023-03-10 03:55:19,1963-11-15,"7211 Eric Road
South Leahside, NV 80186",Port Brittany,Washington
f6f26b63-f95d-40e0-84c6-96be7899c043,John,Ferrell,ferrell.john@nguyen-duran.com,+237 6829549569,2020-10-19 12:46:49,1998-07-17,"807 Rogers Ford Apt. 080
North Jacobstad, DC 35664",Lake Sara,West Virginia
c6e6e9d6-b04b-4f4f-af58-990f529f6920,Sandra,Johnson,johnson.sandra@garcia.com,+237 6882003868,2021-07-18 16:39:35,1995-05-22,"22093 Avila Pines
Grossborough, VA 30502",Port Kyle,Texas
2bd88b59-9d21-4222-9d6b-9bcf54254911,Pamela,Davis,davis.pamela@smith.org,+237 6747208712,2023-01-30 21:43:50,1991-09-24,"Unit 9302 Box 6185
DPO AA 26464",South Michaelatown,Massachusetts
f163da1b-0fd5-4255-9f2f-d15fcfc42dd7,David,Brown,brown.david@ferguson.com,+237 6837081036,2022-12-01 18:06:48,1985-12-13,"812 Donna Pike
Derekstad, RI 73530",Kaylaburgh,Massachusetts
5049f8dd-f76b-4b1d-bb63-5bb418ead808,April,Stevenson,stevenson.april@wallace-navarro.com,+237 6580447219,2024-04-12 21:20:52,1958-04-21,"96665 Dunn Lights Apt. 439
New Rebecca, UT 28136",Port Julie,Texas
eb1db920-6679-48a0-99f0-abbd0faa28ba,Robin,Aguilar,aguilar.robin@martin.com,+237 6841738539,2023-10-15 00:07:52,1963-06-23,"9013 Shelton Locks
Collinsbury, UT 93038",North Samuelmouth,Colorado
2d553fce-bad9-497b-ae95-6104ff44e35b,James,Murphy,murphy.james@wells.com,+237 6864112068,2021-07-28 00:05:32,1936-05-31,"19795 Wendy Views Apt. 520
Sarahton, PW 52754",New Madisonview,Massachusetts
65cb701b-4822-4e4d-bc26-06d10c8bbb1d,Sarah,Vasquez,vasquez.sarah@graham.com,+237 6769171841,2023-07-14 19:48:55,1985-02-26,"Unit 5878 Box 1638
DPO AE 39987",Marialand,Kentucky
9ace507e-3b80-4184-9b17-af2b14029aa6,Melissa,Rich,rich.melissa@chen.biz,+237 6250802672,2023-10-31 06:41:09,1984-02-19,"453 Olson Field
Webbport, FM 76145",Danielmouth,South Dakota
eb69e34d-9c43-44d8-9a65-6078f680992c,Erin,Ward,ward.erin@fisher.com,+237 6542019451,2024-01-15 03:36:11,2003-08-10,"25905 Nancy Fields
Lake Tammie, LA 23442",Codyshire,Oklahoma
97639bf6-c86c-45bf-85c8-6298dc73da99,Sydney,Buck,buck.sydney@fisher-mcdaniel.com,+237 6774763689,2022-01-23 21:52:33,1974-11-21,"6622 Brown Falls
Snyderbury, KY 95245",South Evelyn,Illinois
9389d366-55a8-4d46-91b3-820f24807f8e,Regina,Thompson,thompson.regina@lang.com,+237 6745678201,2022-04-23 20:32:09,1975-06-04,"2213 Samantha Station Apt. 575
Samanthabury, CA 79157",West Alexander,New Mexico
61b49c30-6abd-4cfa-ba65-abc46f70f679,Drew,Hatfield,hatfield.drew@cannon.com,+237 6726797571,2021-05-29 02:27:14,1947-07-01,"809 Carolyn Station
North Amyview, WA 40863",Lopezville,Vermont
5a1c6c2f-0752-41c0-a392-407a71c7badd,Jared,Ross,ross.jared@ross-foster.com,+237 6713931156,2021-08-12 12:21:48,1968-12-26,"23896 Julie Row Suite 025
Lake Taylor, WI 94137",Danielbury,Kansas
a30c7f01-2d43-4290-b077-56567153129e,Pamela,Young,young.pamela@sawyer-brennan.com,+237 6726299006,2023-02-21 20:34:32,1997-02-06,"397 Nicole Ferry
Grahamport, SD 05335",Bernardmouth,Virginia
27490817-373a-4863-a0e9-a10f30f9acfb,Stacy,Powell,powell.stacy@howell.com,+237 6243947978,2024-04-09 08:15:00,1993-09-03,"8165 Green Brooks Suite 113
Sarahtown, SD 27601",Watkinsburgh,Alabama
c33e80d5-63e8-439d-8642-0204b1eab313,Jill,Soto,soto.jill@rivera.com,+237 6764708569,2023-10-08 19:56:08,1950-11-08,"5080 Bradley Parks Apt. 265
Port Barbara, DC 95215",North Miguel,Connecticut
7a871732-951a-4687-bcd4-f218c67f2f8a,Edward,Graham,graham.edward@brooks.com,+237 6525162289,2022-08-16 09:51:51,1974-09-09,"112 Baldwin Via Suite 657
Michaelchester, KY 15692",North Justinmouth,North Dakota
36e4c966-c949-409e-8d0b-b8e758dd8ac4,Jacob,Kelley,kelley.jacob@stephens.com,+237 6530272847,2024-05-16 22:15:24,1945-04-02,"7340 Emma Vista
Kimberlyshire, MD 00968",South Michelle,Georgia
aa91dba3-cbfb-4c83-86e9-bf4c797a93b0,Kimberly,Williams,williams.kimberly@wilkins-lloyd.info,+237 6283408802,2023-09-04 05:56:33,1994-10-29,"25761 Jackson Valleys
East Michaeltown, ME 42900",Thomaschester,Missouri
b77bc2bf-a47e-4e14-b377-684808530eb5,David,Rodriguez,rodriguez.david@ellis.net,+237 6571565967,2020-12-21 14:35:31,1972-10-02,"Unit 1159 Box 4004
DPO AP 26593",Obrienport,Washington
6ceaf3ae-9c4d-49f0-969d-d63b0ec7e0fd,Bob,Miranda,miranda.bob@johnson.org,+237 6777059538,2024-07-29 08:51:06,1951-03-17,"255 Garcia Alley
New Judith, SC 24427",East Valeriechester,Alabama
22edf144-80ae-429e-8bc1-eb2d94ab8c2c,Gabriel,Weiss,weiss.gabriel@jenkins.com,+237 6715990239,2020-12-31 11:53:04,1965-05-01,"060 Robert Shoals Suite 560
Brownbury, AK 93157",Salazarberg,California
5865e885-995a-4e6b-83bf-003aa3d3e29e,Michael,Herrera,herrera.michael@morgan.com,+237 6795341133,2022-08-23 05:25:27,1995-06-01,"7525 Kathryn Harbors
Schaeferton, FM 93236",East Brianna,Arizona
fff4ce76-6c83-4c80-8828-6695a25448e5,Karen,Williamson,williamson.karen@russell.org,+237 6290407878,2023-10-25 07:05:13,1936-10-03,"815 Tiffany Squares
Peterland, VT 29810",Thomasfurt,Minnesota
598f5c37-929d-4fed-a172-d732ec61efe8,Jeffery,Cross,cross.jeffery@pollard.org,+237 6844187129,2022-09-15 20:44:16,1974-10-23,"0731 Garcia Hills Suite 183
Conwaychester, PW 50297",New Stevenburgh,Wisconsin
58cbff69-1afb-4ef9-a4c9-9705511c1c70,Christine,Davidson,davidson.christine@leon.com,+237 6825581062,2023-10-11 08:39:47,1974-05-15,"974 Johnson Shoals
South Matthew, DE 28554",Brandyport,Minnesota
c1c6af7b-74d2-4bea-9f58-c216e22bf198,Amanda,Thompson,thompson.amanda@nelson-fernandez.biz,+237 6811976135,2024-01-25 00:18:10,1994-07-29,"50221 Karen Island
Port Karen, OR 04594",Jamesshire,Oklahoma
02e16256-80ab-4497-a3ab-86f86802717f,Felicia,Watson,watson.felicia@santos.com,+237 6851687517,2024-03-04 22:42:39,1973-06-16,"206 Porter Crest
Port Kimberlyview, DE 83113",West Sean,Alabama
7b8a777a-9f6b-4174-8a19-54257b3e9298,Jonathan,Silva,silva.jonathan@reynolds-steele.biz,+237 6721975458,2021-06-26 17:09:51,1986-09-09,"0973 Palmer Green
South Brenda, WA 24306",Johnberg,Vermont
b825173f-2765-4952-83e1-0056f0c8382e,Lindsay,Hebert,hebert.lindsay@williams-harris.com,+237 6507489927,2024-05-03 05:12:25,1935-10-21,"05987 Martinez Plain
Jonesport, PW 57710",West Alexander,New Jersey
e641cf6a-7fc0-4a1c-aba4-6f7921faa676,Lee,Flores,flores.lee@lee-patrick.com,+237 6248413092,2022-05-20 08:31:28,1948-02-19,"Unit 3754 Box 5358
DPO AE 51309",Smithchester,Virginia
f0296ee9-6765-4cad-bd30-2656373d4b59,Michael,Garcia,garcia.michael@payne.biz,+237 6288780328,2020-11-15 17:12:21,1973-06-01,"86585 Erin Ford
New Karenville, OK 21783",Sotomouth,North Carolina
2993625f-c743-4ab4-a70d-c43bb20c682e,John,Taylor,taylor.john@davis.com,+237 6260224079,2022-06-20 22:51:46,1958-09-15,"7959 Terri Lock Suite 950
East Christopherberg, AK 25874",Sandrastad,Oklahoma
4430a301-d7e9-48b8-9441-f399f3b11f48,Maria,Barry,barry.maria@brown-foster.com,+237 6251064545,2022-12-27 19:54:37,1960-06-24,"PSC 9774, Box 0158
APO AA 76684",Michaelland,Kansas
5aa8ec55-ace1-4651-931b-9f03edc8c9cd,Tracy,Williams,williams.tracy@garner.biz,+237 6546479799,2023-11-15 01:44:59,2004-04-09,"972 Erica Bypass Apt. 063
New Daniel, PA 36936",Anthonyhaven,South Carolina
8f2de09f-dd59-498d-866b-e4978dc9908e,Christine,Taylor,taylor.christine@parsons.com,+237 6766521227,2021-01-11 10:43:54,1966-03-16,"9054 Erik Knoll Apt. 795
Wilsonport, WI 72624",Port Christiantown,New York
df383666-8041-432b-96ea-bcb1673246a2,David,Collins,collins.david@smith.com,+237 6841453240,2021-01-13 08:58:57,1998-12-31,"468 Dean Pass
Priceport, CT 67179",East Joshuaberg,Pennsylvania
ef30cc4d-d947-4991-b459-c0e776e6a59a,Jacob,Ibarra,ibarra.jacob@hansen-fox.info,+237 6579240046,2021-02-27 18:24:16,1995-02-28,"60955 Brady View Apt. 730
New Stephanietown, SC 99872",Derrickbury,Montana
06996d83-b527-40e4-9651-6258f639a060,Phillip,Huffman,huffman.phillip@fitzpatrick.com,+237 6823099817,2022-11-12 20:29:50,1953-07-20,"96467 Vaughan Spur Apt. 051
South Corey, IA 25549",Staceyton,Utah
33a550a1-31f0-4883-a2e8-e44161fa196d,Sarah,Kirby,kirby.sarah@cherry.com,+237 6219423479,2024-05-13 11:52:12,1946-06-11,"54742 Laura Expressway Apt. 642
Port Alicia, NM 56872",New Davidfurt,New York
b585c978-c5d4-48c7-890e-051a87fa1bff,Scott,Hughes,hughes.scott@russo.org,+237 6888707617,2022-07-04 13:01:46,1982-05-26,"210 Campbell Ranch Apt. 142
Gomezburgh, MP 19819",Perezburgh,Rhode Island
882e3d42-9038-4d66-9634-97db861bc343,Karen,Thompson,thompson.karen@nunez-brennan.com,+237 6558620793,2022-12-21 20:17:17,1934-12-01,"0432 Melissa Grove
South Jodi, PR 35387",Paulmouth,Mississippi
8558bc3b-ed2f-45ec-aeeb-5fafbbcb7169,John,Campbell,campbell.john@hughes.com,+237 6208784280,2022-06-19 12:04:37,1981-01-15,"41933 Miller Rue
North Kathleen, MP 96220",Knightbury,Maine
db3c13a8-daed-4921-9bfd-adf5709c37e0,Stephanie,Ruiz,ruiz.stephanie@brown.com,+237 6274369889,2023-08-08 01:48:33,1988-10-09,"Unit 6100 Box 2546
DPO AE 25782",North Aprilstad,Connecticut
9e3d4e09-d8d0-40f5-83f5-ff499f31e6ea,Sara,Davis,davis.sara@rivera.net,+237 6721158050,2023-03-05 09:46:42,1967-05-01,"24032 Amy Burgs
Lake Christopherbury, AL 38940",Kellyhaven,Michigan
d211451d-8d22-45ff-9ef8-81434bdf1dc2,Kevin,Roberts,roberts.kevin@brown.com,+237 6757239546,2023-02-18 06:00:43,2001-08-07,"USNV Howard
FPO AP 57701",Kennethfort,Idaho
2b999ca0-9488-4b66-9460-7f58a26326f6,Donna,Brown,brown.donna@barker.com,+237 6236646735,2020-10-05 07:59:10,1998-07-10,"PSC 4915, Box 4166
APO AP 09648",North Carmen,Wisconsin
8bb3b18b-eb99-40f4-a452-2989d2a20500,Jennifer,Black,black.jennifer@scott.biz,+237 6211423412,2024-01-19 12:10:50,1995-11-17,"PSC 0381, Box 5749
APO AA 24885",Robinsonfurt,Oklahoma
ae4d1447-720f-47ce-9bac-e8f46316d7c1,Haley,Torres,torres.haley@ray.com,+237 6264555199,2022-05-09 17:20:36,1943-01-30,"345 Robert Stravenue Apt. 670
Graymouth, MD 99758",North Katherine,Pennsylvania
9a57ec07-518f-458a-bdc7-8b5fdc4954cd,Cody,Lozano,lozano.cody@wheeler-mcgee.com,+237 6792744982,2023-12-08 23:16:54,1987-08-03,"632 Spencer Passage
South Brooke, GU 06529",East James,Colorado
f3f92b86-9b3d-4cf2-ab59-b0afe3856622,Rhonda,Brooks,brooks.rhonda@villa.info,+237 6865193255,2023-09-09 07:36:19,1990-12-24,"6260 Karl Shore Apt. 256
South Brittany, TN 72844",Suttonville,Massachusetts
1b2ba761-453b-4398-ae3d-2ab651fea8c5,Erin,French,french.erin@daniels-williams.com,+237 6876349662,2022-12-29 01:11:34,1967-06-09,"979 Kimberly Square Apt. 029
Melissastad, CA 01270",Thomasport,New Hampshire
cb62cf39-0480-4ccb-9c0d-1f6f39e8b3cd,Edgar,Harris,harris.edgar@scott.com,+237 6260066531,2021-11-20 05:44:20,1966-09-03,"413 Taylor Club Apt. 898
Davidtown, MA 76204",New Melissaborough,Maine
5c458e93-5e22-4cf2-a0d3-4b3dfd251883,Holly,Allen,allen.holly@anderson.com,+237 6586197876,2023-04-30 07:36:54,1972-08-25,"38328 Cross Spurs
North Javierville, WY 42908",Bennettmouth,Wyoming
a9e68693-e282-4813-bd84-6472e4e13d39,Megan,Cline,cline.megan@kramer-dominguez.com,+237 6851198703,2022-03-27 15:11:25,2002-04-21,"430 Fisher Passage Suite 004
Richardberg, NJ 32272",South Kevinside,Rhode Island
d10b8eaf-883c-4f63-b7cf-45b6f151cdc3,Daniel,Ortiz,ortiz.daniel@ray.biz,+237 6560424932,2024-01-26 15:26:38,1951-09-24,"9206 Arellano Garden Suite 651
New Andrea, NC 67979",Joshuaville,Massachusetts
dc3c4cc7-8024-468e-8bd7-88875973ca3e,Bradley,Thomas,thomas.bradley@rose.org,+237 6826688911,2024-05-09 01:14:13,1960-06-13,"Unit 7328 Box 7469
DPO AA 06096",Morganburgh,Michigan
49eb0ca0-5747-4b9a-840b-9b709dcd9904,Stacey,Williams,williams.stacey@park-clark.org,+237 6707311484,2022-11-30 00:35:43,1960-11-21,"396 Charles Plains
Liuchester, KY 46901",New Chris,Wyoming
f4ee3de8-751b-4d40-86e2-a2b4c1778910,Emily,Lucas,lucas.emily@richards-romero.biz,+237 6826042752,2020-09-19 10:21:39,1962-07-12,"806 Anderson Unions Suite 204
Nelsonshire, SD 15344",Estradaville,Kansas
edb5fb16-c11f-4915-875a-505715886378,Justin,Huffman,huffman.justin@stein-yang.com,+237 6718060185,2024-04-18 23:01:38,2003-05-30,"38641 Amy Rapids
East Shannon, IA 04792",Dianaville,Washington
f1aa4cdf-d567-4f85-bc44-b0ac750787e5,Lisa,Clark,clark.lisa@sparks-turner.com,+237 6239642955,2021-02-10 20:41:54,1952-04-10,"USCGC Fox
FPO AE 96245",Lake Katherinefort,North Dakota
28c0757e-1fb2-4d39-95c4-106efe168ec4,Howard,Williams,williams.howard@cunningham.org,+237 6521126899,2020-09-20 05:12:54,1974-10-21,"81210 Michael Forges Apt. 242
Cainton, PA 68797",New Phillip,Wyoming
c0dc1a01-668e-4dcb-811c-7327cb71ec40,Joseph,Fernandez,fernandez.joseph@thompson.com,+237 6893363481,2021-04-30 12:17:10,1992-10-08,"6687 Lisa Row
Oscarville, DC 68686",Ryanland,Alabama
8fb82562-debc-492e-b008-f573afa9af65,Sharon,White,white.sharon@campbell-cordova.com,+237 6874526470,2023-08-07 21:17:55,1937-07-22,"PSC 7899, Box 8298
APO AA 65483",Yorkland,Maryland
1f351b19-d516-400f-83e6-456255cd85c1,Heather,Pineda,pineda.heather@mccarthy.net,+237 6278914584,2024-01-10 15:31:02,1937-09-24,"6920 Clements Crest Suite 999
Higginsbury, MO 91093",Smithton,North Dakota
430465b4-a2ac-41a4-9195-340cbc8e2576,Stephanie,Frost,frost.stephanie@dickson-nelson.com,+237 6285658918,2020-11-23 00:36:09,1986-08-01,"3930 Williams Mills Apt. 885
East Wyattberg, NV 42843",North Brianberg,South Dakota
f259ee72-4492-4927-9237-df77fce03772,Kevin,Allen,allen.kevin@carter-cooper.com,+237 6561593500,2023-03-25 13:08:18,1951-09-27,"706 James Alley Apt. 842
Port Terry, CO 02495",Bonnietown,Arkansas
4cb04228-f9b4-4098-8767-9d2c7b595211,Alexandria,Mcintosh,mcintosh.alexandria@holt.com,+237 6508599919,2023-09-24 01:20:36,1935-12-29,"4867 Villa Lane Suite 539
Codymouth, SC 88093",West Daniel,Georgia
3b7d29dd-9423-4930-9d61-13e4226d0a02,Ryan,Rios,rios.ryan@reese.info,+237 6725205658,2021-07-03 19:00:35,2002-10-22,"89638 Kevin Rue Suite 266
North Julieview, FM 28081",Port Michelle,Wisconsin
43a04ebc-5583-4bc1-a581-fc3964d69ef6,John,Wise,wise.john@edwards.biz,+237 6850762631,2022-04-14 04:51:06,1945-10-28,"8551 Tina Valleys Apt. 393
Garyshire, DC 91225",Tonyside,New Jersey
7b861158-44a6-4be1-b674-b4017c090749,Connie,Elliott,elliott.connie@garza-fletcher.com,+237 6568111975,2022-08-26 05:30:14,1967-03-24,"5692 Warren Manor Apt. 397
Dianachester, VI 90022",East Nicholas,Iowa
6ff0a449-5a93-4847-a7a4-5e5812775d04,Kimberly,Page,page.kimberly@woodard-rivera.com,+237 6711997075,2023-12-20 17:17:33,1941-04-09,"7996 Regina Street Suite 357
South Allisonmouth, OR 73324",Lake Makaylaport,Iowa
2b5b4abe-b2a2-40ee-8df0-8948181d05e1,Kevin,Mitchell,mitchell.kevin@smith.com,+237 6840301418,2024-07-26 01:09:49,1977-04-12,"00459 Braun Valleys
East Angelafort, GU 70397",New Tiffanyport,Maryland
7d269bdf-b7b6-49c6-b73a-7335343cf497,Christopher,Hardy,hardy.christopher@smith.org,+237 6501134467,2024-01-07 08:44:15,1997-12-03,"2259 Garcia River Suite 009
New Nicole, AR 55918",Rileyton,California
94827463-ed60-45a4-af13-4e46080db052,Ryan,Lowe,lowe.ryan@taylor-trevino.info,+237 6800698709,2021-04-24 13:21:54,1999-11-13,"0625 Murillo Forks
East Michaelberg, CT 19915",North Jeremy,Georgia
e1fa41cc-dbbd-4a54-a60e-48163a81e191,Adam,Cowan,cowan.adam@goodman.com,+237 6822941690,2022-06-24 07:13:19,1941-03-25,"36587 Tiffany Stream Apt. 059
Richardport, FL 28953",South Thomas,New York
3f3cf373-42ae-4ce1-8d45-3afd22ea391c,Stuart,Mack,mack.stuart@russell-jackson.com,+237 6297447426,2023-06-06 04:06:01,1953-11-20,"6532 Bell Falls Suite 122
New Jennifer, HI 75194",Madisonborough,Florida
c12ffb3d-689d-4c7a-93b9-fc52853acd47,John,Daniels,daniels.john@diaz-lowe.com,+237 6214683415,2021-02-06 19:17:42,1941-04-23,"3815 Michael Extension
New Dean, AL 82130",Torresfurt,Wisconsin
9b928fba-d0ff-476c-8f00-4a991e8ba5d8,Samantha,Saunders,saunders.samantha@gross.com,+237 6521648740,2021-06-08 11:13:51,1996-04-20,"09604 Deleon Mills
Lake Natasha, IA 67793",Robertmouth,Washington
fac89932-bcd8-4161-9110-bd414eba28dd,John,Bryant,bryant.john@perez.biz,+237 6772242210,2021-02-28 21:06:21,1983-04-07,"17860 Evans Burg
East Jason, AL 64976",Tinaburgh,Georgia
e8757dcf-4790-4952-8635-dab5237eec70,Chelsea,Johns,johns.chelsea@richardson.biz,+237 6807343089,2024-03-29 13:12:18,1939-11-24,"746 Rodriguez Neck
Derekville, OH 73612",Littleland,Oklahoma
86f6d571-bb17-4b6f-8262-0b48317a8251,Carlos,Stevenson,stevenson.carlos@herrera.net,+237 6595126588,2024-03-14 10:46:15,1984-11-03,"8334 Valencia Extension
Justinside, WY 56384",East Nicholas,Virginia
929c24f1-24bc-49b4-b218-b771e496e84a,Brian,Fowler,fowler.brian@compton.biz,+237 6710702854,2021-04-10 06:01:59,1949-01-13,"Unit 9435 Box 0142
DPO AE 36331",Fernandezton,New York
350e7541-070c-4957-9635-95e510609a01,Christy,Jackson,jackson.christy@burgess.info,+237 6760982937,2020-12-12 10:25:52,1943-11-18,"591 Rivera Lodge Suite 749
Lake Valeriehaven, SD 52821",East Andrewhaven,North Carolina
0f63c470-7c14-44aa-8609-14abc678be41,Eileen,Chen,chen.eileen@anderson.com,+237 6712524207,2023-06-24 01:57:37,2007-04-27,"87386 Moss Mission Suite 814
Port Johnville, KY 53815",Kathleenfurt,Rhode Island
4c577d55-07e6-4b73-84eb-30f744a83998,Christopher,Chavez,chavez.christopher@bennett.org,+237 6514278407,2023-08-30 05:09:34,1982-08-22,"1348 George Ford Apt. 354
Joneshaven, KS 57834",Rebeccaland,Pennsylvania
f7431d7e-e826-438d-82b6-43d6fb31bbf3,Sandra,White,white.sandra@campbell.org,+237 6805828832,2024-01-06 22:19:09,1995-09-05,"46716 Gonzalez Way Suite 436
Catherinestad, WI 10124",East Thomas,North Dakota
e753cb4f-10ec-4c84-9293-3da7e7ff37aa,Ryan,Jones,jones.ryan@butler.com,+237 6856787719,2023-02-18 04:20:09,1972-09-28,"36737 Lori Freeway Apt. 492
New Michaelmouth, ME 03776",Leblancbury,New York
16a48a61-4b6e-4d44-ab16-831a8586610c,Elizabeth,Johnson,johnson.elizabeth@melton-mejia.com,+237 6748687808,2022-09-27 07:54:24,2000-08-27,"17073 King Roads Suite 373
Lake Charlesborough, NC 92125",Owensberg,Maryland
efa3fe2a-923a-4544-bfd4-f09e87efcb7f,Steven,Jackson,jackson.steven@russell-carter.org,+237 6297736376,2021-03-09 21:46:43,1994-09-28,"276 Evans Parkways Apt. 746
North Aaron, LA 56107",New Jeremy,Kansas
65aa5f6a-678c-4115-8b42-191d593a8f44,Nathan,Smith,smith.nathan@wilson-marsh.com,+237 6856303818,2021-08-09 20:16:06,1971-04-01,"5078 Courtney Forks Suite 273
Madisonville, MA 41860",West Alicia,Utah
429a92f8-8bc1-48e8-907b-25447e5b5a67,Nicole,Poole,poole.nicole@page.org,+237 6779114944,2024-05-28 08:52:38,1950-10-12,"790 Susan Estates
Ayersville, UT 99899",South Danielleview,Rhode Island
8fc1c9ce-9081-4f83-b70a-045160a6d768,Jonathan,Schmitt,schmitt.jonathan@roman.com,+237 6734911165,2022-01-13 09:49:09,1998-06-19,"864 Natalie Falls Suite 378
Briannahaven, MP 08367",Oliverview,New Mexico
f57f8f9e-f1a2-473c-b8e3-c497b74fe852,Robert,Estes,estes.robert@harris.com,+237 6512943003,2021-05-05 16:36:38,1991-03-20,"Unit 7924 Box 5051
DPO AP 08326",Dawsonland,South Carolina
4f306a88-cda4-4a92-b9fd-f828abcac102,Brooke,Hernandez,hernandez.brooke@holmes.com,+237 6812439950,2024-06-12 07:21:59,1977-07-05,"11646 Roberts Terrace
Kelleyberg, MS 16180",East Nicholas,West Virginia
3f22a579-7d20-4b55-ad87-4d6b3fb6d462,Karen,Allen,allen.karen@scott.com,+237 6526431756,2021-09-21 01:18:15,1956-12-23,"654 Melissa Estates
Longside, AS 66806",South Kevinberg,New Jersey
42a26ceb-b3e2-4b27-bd78-e62a1f520b62,Kristen,Villarreal,villarreal.kristen@stark.org,+237 6590328021,2023-12-13 20:51:42,1943-02-20,"653 Ashley Ranch Suite 954
Whitneyborough, RI 89927",Lake Robertton,Hawaii
129dff7e-a85f-452d-94b3-56a2093d07f2,Michelle,Watkins,watkins.michelle@best-lee.com,+237 6706694992,2020-10-27 04:55:18,1964-01-14,"4881 Katherine Terrace
Kimberlyfort, IA 45169",New Sabrinaburgh,Alabama
1b411bb2-1132-48fd-9499-910d0f964875,John,Wilson,wilson.john@cobb.com,+237 6706278561,2022-12-22 04:49:02,1993-05-10,"441 Hodges Streets
Muellerland, GU 04020",Port Breanna,Kentucky
72cb7e89-b619-478e-bec1-8081b2712fb9,Jamie,Singleton,singleton.jamie@gibbs.org,+237 6538195650,2023-02-23 06:09:29,1954-02-26,"0551 Morrow Rest
North Joshuabury, PR 59888",East Jessicashire,Delaware
722dd163-c1f6-4cda-9d11-3fad254caefb,Stacy,Hall,hall.stacy@martinez.com,+237 6291276668,2022-10-25 21:42:19,1966-08-04,"5650 Roberson Keys
Port Jennifer, MS 24628",Jacksonhaven,Washington
a1de9b1f-e99c-47d8-b542-912d4ba7f5a4,Joseph,Gonzalez,gonzalez.joseph@brown-washington.info,+237 6789903693,2021-01-15 00:22:44,1987-10-13,"88329 Sweeney Loop Suite 357
Fordport, PA 14053",Gonzalesport,North Carolina
4b5d7a8e-cc9f-41a7-a396-139997cf6368,Jennifer,Hill,hill.jennifer@mason-thompson.com,+237 6723201074,2023-07-13 05:01:40,2001-12-15,"674 Rich Viaduct Suite 614
North Melissaton, HI 55697",New Aaronberg,Colorado
c7b37014-256d-49bd-92fb-24407efbc45a,Albert,Parker,parker.albert@horn-dunn.com,+237 6885766126,2022-11-19 22:25:49,1994-04-13,"496 Munoz Plains
Melissashire, OK 06348",Cookbury,Mississippi
6ead353f-0606-460e-bca7-eddb4fe2b270,Debra,Howard,howard.debra@rodriguez.com,+237 6230180324,2024-05-14 21:04:13,1983-11-05,"Unit 8303 Box 0343
DPO AE 51388",Port Marissa,Illinois
7efc1b50-9006-49ea-83c7-1aebfac3bcfe,Nicole,Ewing,ewing.nicole@atkins.com,+237 6774415811,2023-08-04 06:01:56,1978-12-29,"8848 Elizabeth Knoll Suite 095
East David, MT 32472",North Heather,Iowa
829e9785-eee4-4bcd-81ec-26ef58d0696e,Christina,Vargas,vargas.christina@ortega-barrett.com,+237 6877552140,2024-03-25 19:17:39,1971-10-16,"0760 Porter Gateway
South Elizabethmouth, MN 96380",East Bobby,Mississippi
60ce0e5c-4e47-4d35-a08d-cb7dc0754df7,Thomas,Green,green.thomas@frey.com,+237 6286921610,2024-04-02 14:18:12,1934-08-27,"8685 Thomas Mountain
West Julia, NV 53371",North Stephanieborough,North Carolina
dceba522-07db-4a41-8be5-676c6f48543e,John,Soto,soto.john@hamilton-torres.info,+237 6707437184,2022-02-24 14:02:31,1983-01-13,"554 Karen Ports
Lake Steven, ND 64326",Clarkeburgh,Delaware
6df72e61-22bf-4077-bf99-746a583e0338,Deborah,Holmes,holmes.deborah@leonard-peterson.net,+237 6511094975,2021-10-29 19:58:33,1980-08-28,"817 Bell Valleys Suite 243
Cynthiaberg, VI 60583",Kathrynland,Rhode Island
e8c2f91f-272b-42f1-905f-1fbb1de23848,Nicole,Harvey,harvey.nicole@may-weaver.net,+237 6250648225,2021-08-04 16:03:41,1966-01-19,"PSC 2156, Box 3400
APO AA 39438",Lake Tiffany,New Mexico
99978e1e-5ced-4a63-9089-be4441e29f94,Kara,Compton,compton.kara@griffith.com,+237 6836691248,2023-12-07 01:36:30,1970-11-11,"19391 Justin Cliffs
Keithburgh, MH 61338",West Jennifer,Illinois
5cd592bb-0cd0-4225-bcb8-c3b3f5b5e67a,Wendy,Larson,larson.wendy@nelson-stevens.com,+237 6277944179,2021-12-07 19:27:14,1980-02-18,"570 Monica Square
South Danielhaven, PA 61318",Lopezville,California
db957b80-3942-4a59-8538-70417ddb0030,Cody,Dean,dean.cody@petersen.com,+237 6763544308,2022-03-17 17:15:43,1954-12-01,"2975 Larry Ferry Suite 779
East Stacey, PW 08474",Kristenstad,West Virginia
d9869c53-ff5b-4f66-bec5-c988b95c2af5,Linda,Anderson,anderson.linda@alvarez-lane.com,+237 6792785277,2022-10-08 16:15:43,1939-01-01,"238 Marie Causeway Apt. 890
Keithhaven, VT 28051",Patricktown,Maryland
2fdd2555-115f-4de4-8e5b-c3a4e088c6e5,Robin,Grant,grant.robin@hampton.com,+237 6511250086,2023-03-11 05:33:40,1945-11-19,"20728 Washington Inlet
Christopherbury, VT 99332",New Darius,South Carolina
9964c11c-40c2-4950-af65-4bb0f1cbcfb0,Johnathan,Vasquez,vasquez.johnathan@moore.org,+237 6516078513,2023-06-22 05:26:55,1979-12-19,"7720 Rodriguez Mill
Morganmouth, CO 92476",Sanchezhaven,New Mexico
e3c6ee99-595e-4b78-bf84-df356a7ad514,Ryan,Jackson,jackson.ryan@bryant-white.com,+237 6860582575,2021-08-15 05:16:09,1986-05-15,"767 Gomez Greens Apt. 652
East Joseshire, AL 25337",Brendaberg,Arkansas
d19eb966-e1cf-4c75-98d4-1cd6da7bbb6c,Jason,Kelly,kelly.jason@stafford.com,+237 6789396426,2020-10-28 08:49:14,1983-11-05,"1353 Cathy Cove Suite 707
Port Gregoryfurt, SC 48030",Ronaldberg,Rhode Island
5d7c7824-ca58-4d14-9865-919ec28609f1,Daryl,Howard,howard.daryl@gilbert-greene.biz,+237 6893108263,2021-01-30 23:17:31,1991-02-08,"5640 Davis Heights
South Rebeccafort, SD 01344",Johnborough,Wyoming
f4fcf2f6-4fd3-4b6e-857f-5120bd698902,Joshua,Little,little.joshua@williams-allen.com,+237 6754040331,2020-11-12 20:45:23,1978-08-11,"79723 Gary Circle
West Kyleside, MH 90909",Kingfort,North Dakota
5c8a8e26-8983-4992-a695-c5954d127a99,Francisco,Young,young.francisco@booth-vazquez.com,+237 6894902600,2021-10-21 14:32:42,1947-09-11,"9999 Cooke Union Suite 454
Copelandfort, GU 07285",New Lauraland,Maryland
3d4a1985-417b-42b5-9ddc-787d4742de7a,Troy,Gillespie,gillespie.troy@mcfarland.com,+237 6558892055,2024-07-03 15:28:42,1984-12-18,"3151 Alison Forks Suite 328
Anthonyfort, CA 09686",South Willie,Texas
a5558b91-6491-49d4-b60c-7ccb3073542f,Eric,Morgan,morgan.eric@parrish.biz,+237 6871186883,2023-02-28 09:35:18,1986-12-16,"93094 Jeremy Ridge Apt. 632
Port Scottfurt, AL 68631",Port Davidmouth,Idaho
f0e9b808-3c7b-48c8-beb0-edebc4ecd1d8,Emma,Rogers,rogers.emma@farley-wilson.com,+237 6711943633,2020-11-29 05:30:10,1988-09-23,"523 Bennett Loop Apt. 051
Mayoshire, IA 11950",West Zachary,Oklahoma
19b1ee7b-8fff-4ce5-b81f-9f64311c940e,Rachael,Brown,brown.rachael@martin-smith.net,+237 6709913396,2021-10-24 18:10:30,1958-07-03,"143 Adams Shoal Suite 300
West Sarah, AZ 23867",Lambertborough,Alabama
b79112eb-9261-48e0-87ce-c8506089c0a2,Cynthia,Casey,casey.cynthia@anderson.com,+237 6285899088,2024-04-14 03:53:42,1952-08-03,"19538 Louis Square Apt. 713
Port Sean, MH 60544",Evansside,Georgia
255b245c-b2af-4b90-bbe0-4b38da86d6f6,Ryan,Miles,miles.ryan@zimmerman.com,+237 6242151038,2023-05-04 22:37:55,1956-12-20,"494 Johnson Passage Apt. 488
East Angelahaven, VA 94517",Edwardhaven,Iowa
1db87648-15ce-48ad-b24a-319714563e80,Lauren,Neal,neal.lauren@rosario.com,+237 6242608003,2022-01-25 04:29:59,1973-04-01,"278 Ashley Skyway
East Carolyn, HI 01787",Port Elizabeth,Missouri
e688ebab-5377-4186-8e2c-b90ebe269a4e,James,Miller,miller.james@mcdowell.com,+237 6249702757,2020-11-07 15:35:22,1972-08-24,"47164 Gabrielle Fort Apt. 649
South Masonborough, DE 55553",Hillchester,Michigan
a97f77b7-880d-418c-ad01-a50a49f6e1de,Roberto,Williams,williams.roberto@pacheco.com,+237 6731454460,2024-05-24 02:38:16,2005-01-04,"97471 Aaron Center Apt. 794
Berrychester, ND 57688",Lake Rebeccaville,Idaho
d6624cea-84dd-4822-b772-b2d300cb2546,Elizabeth,Patel,patel.elizabeth@travis.com,+237 6700124985,2022-01-23 05:40:09,1974-02-20,"35079 Wright Mountains Suite 857
West Kristinton, TN 69425",New Timothymouth,Arkansas
0bef0c1f-edfc-4439-83f1-f6a6125cf729,Jennifer,Holder,holder.jennifer@duncan.com,+237 6880112639,2023-12-22 09:57:10,1939-09-02,"USCGC Russell
FPO AE 91418",Jaredville,Wyoming
156e21c3-66c2-42c0-86db-6933853f408e,Sarah,Crane,crane.sarah@patterson-martin.com,+237 6759942591,2021-08-29 15:25:02,1950-11-11,"16738 Nicole Mall Apt. 010
North Frankview, WI 45733",North Stephentown,Iowa
4bdd51b1-d91f-4491-b9a5-ff1d5a5c8207,Keith,Robles,robles.keith@lynch.info,+237 6271705927,2023-12-16 06:13:55,1944-02-02,"3516 Wiggins Lakes
East Jeff, DE 65371",Maxwellshire,Kansas
df528d13-4312-4c71-a834-4eceedfb3d1b,Benjamin,Wiley,wiley.benjamin@ford.com,+237 6821528940,2024-07-19 02:20:48,1953-01-24,"05176 Chad Lights
West Jessicaborough, AK 01637",Jeffhaven,Michigan
f827c308-72e1-4c2a-9926-23ea6e89be6e,Emma,Mckenzie,mckenzie.emma@hubbard.org,+237 6708178935,2023-11-23 18:41:01,1998-08-20,"186 Eaton Hills Apt. 214
Port Austinland, MT 65640",Lake Jennyfort,Washington
64f8dee0-28d8-44ec-8215-faa21b8ee0f9,Jamie,James,james.jamie@hernandez.com,+237 6804919113,2022-09-18 12:39:29,2002-06-14,"964 Morris Rapids
New James, AZ 29788",Guerreroview,Indiana
e9d30d21-c453-43b4-8334-cd36d9986d13,Donald,Roach,roach.donald@zimmerman.biz,+237 6505157028,2021-07-06 22:28:47,1987-03-03,"910 Elizabeth Plains
Port April, IA 92049",Lake Elizabeth,South Dakota
c4dd44f1-12e9-4546-b54c-dc63a1751a22,Jerry,Hayden,hayden.jerry@wilson-green.com,+237 6703342409,2021-01-02 13:37:38,1980-10-04,"877 Parker Harbors Suite 475
Lawsonberg, AK 57721",Alexanderside,Montana
c3dc4798-9882-4b79-aec1-34cc890ce61b,Ian,Hernandez,hernandez.ian@mccormick-ball.com,+237 6885659972,2021-05-12 04:41:13,2002-07-02,"20186 Hall Circle Apt. 919
Dianehaven, WA 07294",Thomasmouth,Wisconsin
ffa7796c-17ba-4742-bc7a-f5601b959221,April,Perez,perez.april@dean.biz,+237 6870131913,2021-04-01 21:41:47,2000-07-07,"86879 Arthur Tunnel
Kelseytown, ND 85648",Aaronhaven,New Hampshire
cefda5f6-1255-4ee4-9c1d-ccf2923574f5,Robert,Taylor,taylor.robert@bolton.com,+237 6205609483,2024-06-04 23:33:12,1941-03-24,"98602 Thompson Ferry
New David, IL 77891",Alberttown,Illinois
193f26de-7e5e-4c5b-9497-88d74daf9185,Emily,Cruz,cruz.emily@martinez.com,+237 6580731774,2023-08-07 19:30:23,1933-10-13,"8092 Emily Route Suite 424
Bruceville, MD 47747",Contrerasmouth,Georgia
d0a072bc-22db-4f66-8a82-b113addc88ca,Jenna,Hernandez,hernandez.jenna@fuller.info,+237 6707763993,2021-08-23 15:15:15,1968-07-19,"4463 Todd River
Lake Jennifer, FM 77793",Tuckermouth,Illinois
dd311944-846f-4d95-9eff-6f0254d2ad26,Maria,Williams,williams.maria@cook-mccoy.org,+237 6817922403,2023-01-09 06:13:52,1950-10-20,"041 Blevins Stravenue Suite 787
South Joyce, OR 81024",East Mary,Montana
fc36f6f6-7e03-45ea-aa2e-24bd98c88809,Jasmine,Williams,williams.jasmine@thomas.biz,+237 6847810534,2024-05-20 06:24:38,1991-01-04,"2013 Traci Heights Apt. 527
Barnesfurt, CO 17399",East Jasonbury,Connecticut
6c1cd25e-7641-4836-b7a5-2a5861e32651,Troy,Matthews,matthews.troy@barry.biz,+237 6893035567,2023-12-31 07:02:06,1948-06-09,"286 Virginia Ranch Suite 924
Mooreton, OR 17158",Charlesfurt,Colorado
db4a845a-34fa-4544-9ffd-78fde9d375d7,John,Chan,chan.john@scott-oconnell.biz,+237 6532673429,2023-04-02 14:29:12,1951-06-10,"2264 Deborah Parkways Apt. 279
Charlesport, DE 76019",Palmermouth,Idaho
72a79dce-8184-4219-9f63-e1fa8e17ff8b,Stephanie,Douglas,douglas.stephanie@zavala-miranda.com,+237 6703095383,2023-07-26 06:59:44,1955-02-15,"USNV Cunningham
FPO AE 88687",New Charlesborough,Maryland
400b5031-6434-451d-9e9d-c6628c7c8027,Mark,Watkins,watkins.mark@hall-roberts.com,+237 6553054403,2022-01-19 02:13:26,1957-01-21,"0285 Kirby Meadow
Hannahfurt, PR 20653",Markhaven,Ohio
40c8fc38-38e3-49a4-8e3d-8f2daa3afa15,Jose,Jimenez,jimenez.jose@miller.com,+237 6263137396,2021-05-05 19:24:07,2006-01-25,"24977 Robert Walks Apt. 175
Barreratown, MO 65844",Krauseshire,Maine
5792605f-34e2-4b55-9a5b-8105201cc722,Scott,Ford,ford.scott@bowman.net,+237 6889472509,2024-04-26 21:39:18,1943-03-07,"Unit 3982 Box 5883
DPO AA 08833",Lambertview,Tennessee
316f48af-f081-46da-931c-88ce0bd9aca5,Veronica,Chambers,chambers.veronica@avila.com,+237 6561142798,2023-04-28 07:54:15,1985-04-17,"127 Thomas Valleys Apt. 805
Kimberlyshire, ND 42221",Gomezhaven,New Jersey
33e65e6c-cbf1-471e-a245-1e3ffaf3120d,Patrick,Gilbert,gilbert.patrick@bradley.com,+237 6890137825,2022-12-08 12:41:49,1989-06-15,"85737 Parrish Radial Suite 999
Coxtown, DC 30089",Martinezville,Mississippi
0f2046d5-5ff0-40f6-8498-9d879c9aec88,Alyssa,Murphy,murphy.alyssa@kelley.com,+237 6252423883,2020-11-28 23:56:50,1998-07-13,"99251 David Landing
Lake Barry, NC 27399",New Glenn,Mississippi
19167429-1168-476e-9799-9cbc22c518b9,Paul,Smith,smith.paul@long-miller.org,+237 6295209503,2023-04-24 09:45:23,1963-11-06,"08400 Sheila Forges
North Lisaton, NC 20402",New John,Michigan
fc3c2fd7-728a-4380-ae4a-6ef4181abc42,Katherine,Guzman,guzman.katherine@diaz.com,+237 6216617675,2022-04-20 12:00:49,1994-04-17,"072 Brandi Curve
North Justin, IL 07746",West Julia,West Virginia
d97c6f6a-d8ab-4d92-a8eb-98df71fac94d,Jeffrey,Campbell,campbell.jeffrey@hartman.net,+237 6264173152,2022-04-19 04:33:35,1968-07-13,"1276 Katrina Circle Apt. 034
Port Joseph, SC 93779",New Crystal,Alabama
a3d232a3-db06-4bdd-b7fa-f28ebef1cc31,Stephen,Cooke,cooke.stephen@copeland.com,+237 6750670930,2022-03-14 04:47:59,1950-08-01,"29340 Lewis Estates
South Tyler, CO 49918",Fuentesburgh,Ohio
8d5e75a6-0660-4d7f-acce-a34760669221,Amy,Smith,smith.amy@montoya.com,+237 6295859859,2024-04-03 10:47:02,1942-02-23,"2290 Meyer Rapid Apt. 854
New Tamara, MA 95702",New Christina,Maine
11e2c056-da0c-44e5-81e4-1b11526978a6,Kimberly,Davis,davis.kimberly@anderson-west.com,+237 6858182579,2020-09-21 03:29:43,1979-09-10,"3369 David Mountain
Meghanview, MP 24763",Lake Mia,North Carolina
db49501d-db93-4045-a0f5-7a4e54cb002f,Christina,Long,long.christina@george-barrera.com,+237 6882380391,2024-01-30 07:59:56,1979-02-01,"PSC 5778, Box 0559
APO AE 34782",East Beckyshire,Idaho
cf16e8f5-ef78-48f4-aeb1-e03969d6617f,Jesse,Dunn,dunn.jesse@finley-walter.com,+237 6531812431,2022-03-28 20:44:53,1933-11-13,"3758 Tara Trace Apt. 627
Scottshire, MO 43556",South Janetbury,Missouri
a6893a3b-26f7-444d-bebf-f9ec6bfb3186,Lori,Brown,brown.lori@douglas.info,+237 6747890527,2022-04-30 17:35:27,1981-06-15,"1476 Dennis Courts Apt. 081
Lake Patriciamouth, NM 85062",Port Alexandraton,Louisiana
7178b3cc-27d9-4160-b66d-b2a9591ef550,Mark,Morris,morris.mark@henry.com,+237 6509838361,2022-09-04 06:00:20,2004-07-05,"105 Smith Corners
Howellland, MS 30956",West Devinside,Montana
f24a8d0f-8250-4806-b322-4a414c197e6e,Kristin,Walker,walker.kristin@smith-mills.com,+237 6529869280,2023-08-22 12:25:28,2005-04-17,"62417 Brandy Islands
East Davidchester, MN 87587",Peckhaven,Massachusetts
22cd2bd6-5c70-405a-9975-b0a093949939,Autumn,Wilkins,wilkins.autumn@boyd.org,+237 6743821206,2020-11-25 09:41:18,1989-06-29,"2338 Beverly Gardens
Lake Dillonville, PA 87667",Gibsonfort,Arkansas
34bbe426-e37e-4df3-8fdc-f244fb19ad8e,Carlos,Cameron,cameron.carlos@flores-moran.info,+237 6252815948,2023-05-03 00:31:17,1965-09-19,"879 Hansen Plaza
Patrickmouth, IL 68364",West Deborah,Arkansas
226d1989-7ab5-4746-8e6f-94b4c7329743,Samuel,Harmon,harmon.samuel@baker.biz,+237 6757862738,2024-05-18 08:24:45,2003-08-23,"94436 Sara Unions
North Natasha, SC 69830",Port Alicia,Massachusetts
e5a41894-6ab9-44e6-b665-25b90ab93c58,Thomas,Meadows,meadows.thomas@hobbs-hanson.com,+237 6738275585,2020-12-16 05:11:47,1985-06-16,"727 Martinez Gateway Apt. 752
South Jessicaton, MD 25374",Adamsmouth,Idaho
7bf256a9-ac9a-4991-9b37-a955f7b056a1,Mary,Stevens,stevens.mary@sullivan.info,+237 6780593644,2023-10-16 17:07:25,1939-08-10,"44351 Christy Harbors Suite 084
Port Josephstad, FM 28191",North Sarafurt,Pennsylvania
6c11422d-3504-447c-bbc9-3abfe7158333,Todd,Hamilton,hamilton.todd@velasquez-miles.com,+237 6553636808,2024-02-01 11:37:48,1962-09-09,"USS Wright
FPO AE 21696",Kelleyborough,New Mexico
0c23f31a-d805-440c-8f4d-a30019706f66,Debra,Carroll,carroll.debra@morgan-arroyo.com,+237 6889329990,2023-04-25 12:17:11,1942-05-12,"51739 Joseph Fords Suite 712
New Michellehaven, UT 66011",Amandastad,North Carolina
317f4f04-95f9-4449-948d-1cbbc19a140d,Zachary,Guerra,guerra.zachary@payne-mcintyre.com,+237 6727572021,2023-05-05 15:52:38,1997-10-04,"103 Molly Port
Connieland, ID 75681",New Jeremy,California
cd862047-232d-49f5-bd9e-0b200a8ac052,Heather,Strickland,strickland.heather@carr.com,+237 6795540453,2021-06-20 15:04:19,1939-03-27,"USCGC Lewis
FPO AA 10150",Port Larry,New York
89fd2d14-7548-4ec5-9eca-a3d0945a655a,Jeffrey,Foster,foster.jeffrey@campos.com,+237 6572828197,2021-04-07 09:52:41,1982-03-11,"1037 Emma Alley Suite 439
East Wendyberg, NC 61056",Kristintown,Vermont
7026318f-ece4-4e01-a1b2-ce43a56bce87,Tracie,Cox,cox.tracie@diaz.com,+237 6295337045,2023-09-28 19:24:14,1963-12-17,"PSC 2333, Box 0152
APO AP 08269",Hollowaystad,Hawaii
777bb35d-6307-4fb1-8ec7-05947b7a605e,Brittney,Warner,warner.brittney@martin-jimenez.com,+237 6270564651,2023-11-08 02:25:23,1961-07-13,"23672 Stephanie Lodge
Codyland, CA 80696",West Zachary,Delaware
ffe58ac7-2198-4ab6-94a3-5d24e58fa172,Jessica,Walker,walker.jessica@roth.org,+237 6880232125,2024-07-12 01:57:14,1983-06-03,"Unit 3439 Box 2540
DPO AA 31007",Lindaberg,New Jersey
9435c8da-70c9-4af6-8935-424a03d745f3,Theresa,Smith,smith.theresa@oliver.com,+237 6566518255,2021-12-06 02:46:14,1959-04-09,"1849 Marsh Landing
South Brittany, AR 70048",Jasonbury,North Carolina
c368eb79-e4d7-475b-ad06-74c134480fae,Shannon,Gray,gray.shannon@moses.com,+237 6296227142,2023-08-01 00:44:35,1982-08-17,"8022 Lisa Mount
Cohenview, PA 69542",New Christopherfort,Vermont
1353ef00-48a0-40d4-83be-d941e81b5076,George,Richardson,richardson.george@smith.com,+237 6796170810,2022-12-23 19:47:38,1982-09-12,"3343 George Plains Suite 944
Timothyview, NY 62823",Colleenton,Illinois
329f6b2c-68cb-490b-9d6a-e95a580a5bb5,Richard,Lloyd,lloyd.richard@guerra.info,+237 6227082871,2021-12-31 06:25:52,1969-02-16,"6477 Elizabeth Avenue Suite 329
North Darrellville, VT 87579",Boydport,Texas
c74500f4-e48d-46d2-824c-0a40fd2991d2,Brenda,Stephens,stephens.brenda@patterson-taylor.info,+237 6279529835,2021-02-12 15:56:49,1952-05-21,"094 Kelsey Crest
Rachelton, LA 29843",Carlafurt,Louisiana
032507ea-b1c3-4c15-9348-0d54c1ee257a,Anthony,Harrell,harrell.anthony@combs.info,+237 6500424709,2022-09-16 22:49:14,1994-04-05,"30148 Barrett Lock Suite 927
Masonton, VA 11384",Hunterton,Louisiana
5f95ed22-9fdd-4007-9a64-5936b21607fc,Jennifer,Miller,miller.jennifer@oneal.info,+237 6500209631,2024-04-16 02:56:41,1939-05-04,"8769 Huff Coves
Briannaport, FM 62248",Melissahaven,Oklahoma
5dcc255e-767f-492a-9cc9-5da19f8610d1,Veronica,Williams,williams.veronica@lee.biz,+237 6825552578,2021-02-07 19:32:06,1958-02-09,"92267 Hughes Ramp Suite 914
Laurentown, MH 85658",South Justin,New Jersey
6a380030-9e18-4f0c-9687-3fe326f8fd28,Mackenzie,Williams,williams.mackenzie@miller.net,+237 6824699163,2024-04-24 07:18:02,1996-12-17,"044 Jennifer Street
Parkerville, OH 78533",Lake Melissa,Indiana
06c5daac-cd98-46fe-9782-11bfdab83650,John,Thomas,thomas.john@morgan.com,+237 6268639528,2022-02-22 01:40:34,2003-07-27,"87462 Wallace Gateway Apt. 607
Jasonstad, WY 58648",Ruizhaven,Utah
fb43c4d5-a290-454c-9b68-2454029cba85,Valerie,Jones,jones.valerie@malone-benitez.info,+237 6773299046,2021-08-07 08:39:03,1989-05-25,"50314 Horn Inlet
North Jeffrey, NY 08491",Wolfeville,North Carolina
10147bd1-d66b-4cff-8b27-21de3fcba887,Richard,Anderson,anderson.richard@bell.com,+237 6528817259,2024-03-02 22:11:47,1953-03-04,"002 Jasmine Highway Apt. 287
New Calvin, NJ 57562",Brittanyville,Arkansas
7f1c5d5a-4a44-4521-9ef1-b7ec3a29c08d,Carrie,Johnson,johnson.carrie@jimenez.com,+237 6556332188,2023-05-21 11:46:46,1995-03-12,"112 Howard Valleys Suite 975
Anitaland, ME 02081",New Michellebury,Connecticut
a9ed27b6-0e7f-413a-afe3-10255973bbf4,Ashley,Perez,perez.ashley@jenkins.com,+237 6800727621,2022-02-11 06:18:11,1963-12-18,"7107 Kelly Heights Suite 125
Port Shawn, KY 83075",Lawrenceshire,Idaho
e55fdde1-5d34-4bb4-ad4b-5de0aa878141,Andrea,Moore,moore.andrea@rice-anderson.com,+237 6749745384,2024-03-13 16:24:08,1995-01-15,"8103 Katie Mountains
Lake Amandashire, WI 55859",Brianbury,Michigan
a939133f-7cd3-400c-89a7-c31dff230351,Lisa,Smith,smith.lisa@hodges.com,+237 6718938682,2024-04-02 00:52:58,2000-07-10,"439 Boyd Circle
Allenstad, MO 67015",Crawfordstad,Idaho
34cc75a8-3e07-466f-80ca-cae17b9863af,Krista,Hart,hart.krista@carter.com,+237 6288912791,2024-04-22 01:07:50,1995-02-12,"591 Sonya Overpass
New Barbara, CO 97107",Lauraland,Virginia
61bd2540-c795-48c7-935c-ce101ccde5e6,Hannah,Kirby,kirby.hannah@ellison-king.com,+237 6246366996,2020-09-16 03:49:48,1996-09-13,"516 Arthur Greens Suite 280
Port Emily, MO 61181",West Benjaminberg,Massachusetts
bb96d71c-3d63-416e-8a1a-8790759c4581,Brian,Vaughn,vaughn.brian@medina-winters.info,+237 6546194217,2021-01-14 11:51:36,1945-01-23,"6818 Jordan Bypass
Edwardsburgh, AZ 34896",Port Stevenmouth,Idaho
90a86555-92ae-49f2-b7a9-802e3025965f,Jeffrey,Griffin,griffin.jeffrey@sullivan.com,+237 6883756967,2021-02-01 22:19:29,1990-01-19,"PSC 4952, Box 7520
APO AP 39849",Lake John,Missouri
ffb4e6c9-75e3-4b12-b7cc-23f8a31ebec6,Jesse,Doyle,doyle.jesse@beltran.com,+237 6724324578,2021-10-16 13:01:49,1951-12-21,"Unit 4866 Box 5761
DPO AP 34956",North Matthew,New York
e5e69fe7-21aa-4003-b615-807c72676a8a,James,Cannon,cannon.james@davidson-jones.com,+237 6728599016,2023-06-26 04:24:16,1979-07-31,"788 Walker Oval
North Peter, VI 36221",South Justinchester,Hawaii
aac8be2e-e7ce-4dc5-8fc9-f815f9dc7f97,Cristina,Mccormick,mccormick.cristina@deleon.net,+237 6541943691,2020-09-22 00:49:46,1940-05-15,"30734 Lori Rue Apt. 317
Murphyland, ME 66523",Johnstonmouth,Connecticut
1f0aaf79-0d59-4e2a-ab9a-c18f305d90e4,John,Wright,wright.john@morgan.biz,+237 6733746424,2021-02-26 05:55:45,1975-11-21,"05831 Teresa Underpass Apt. 062
Hickmanmouth, TN 21478",Johnstonstad,Louisiana
30f53ff9-ff26-49dd-b93e-e062e66b2344,Karen,Long,long.karen@francis.com,+237 6752399817,2021-06-01 05:48:04,2003-12-24,"PSC 8531, Box 7418
APO AA 79699",Port Evanstad,Alabama
a647a9c3-c303-4019-b436-106e4c3b3346,Ashlee,Freeman,freeman.ashlee@lewis.com,+237 6218197122,2021-08-19 00:38:23,2007-03-25,"66128 Dawn Causeway Suite 316
Lake William, ID 50574",Davidsonview,Idaho
474bf22e-fa37-4b65-9daa-be135b1c6d36,Angel,Fleming,fleming.angel@morrison-howard.com,+237 6736315222,2021-05-14 03:00:01,1949-10-09,"4507 Mccoy Plaza Apt. 574
Mcknightburgh, ND 41436",East Michaelhaven,Indiana
9594e1df-3db5-41f0-a01e-f0e7c762e774,Richard,Nguyen,nguyen.richard@james.info,+237 6838859573,2023-11-10 07:58:52,1942-11-24,"3862 Mcintyre Coves Apt. 645
South Deborahland, VI 77622",Brookstown,Texas
66ae8888-116e-4e72-827a-1a1a03c526ad,Lisa,Reynolds,reynolds.lisa@sharp.com,+237 6779476061,2021-10-01 17:18:36,1954-06-19,"0670 Parker Oval Apt. 917
Deanchester, VI 49408",Mccarthyhaven,South Carolina
305c55a6-f97a-4f71-b436-7bd685603f62,Daniel,Wolfe,wolfe.daniel@valdez-keller.net,+237 6857510168,2021-12-08 18:06:26,1944-02-20,"1304 Smith Spurs
East Markland, MS 17040",Port Mariafort,Oklahoma
bfd9d6de-502e-48e7-87f1-4f0bfebf82c0,Renee,Reese,reese.renee@carroll.info,+237 6801688131,2020-10-03 08:38:54,1997-03-08,"46039 Stafford Bridge Suite 372
Kimberlyfort, NC 76500",East Jessica,Georgia
c3644d8d-3151-4c9b-b6b7-ffc938aa10d9,Keith,Hernandez,hernandez.keith@mcpherson.net,+237 6857173789,2020-08-29 01:54:01,1982-05-22,"894 Anthony Pike
North Jameshaven, WA 89878",Johnsonburgh,Illinois
f16959b4-48fd-4d58-98de-d2dfe0e80bca,Christopher,Davis,davis.christopher@thomas.com,+237 6253260941,2023-03-18 22:25:53,1987-12-22,"47898 Mary Walk
North Georgehaven, KS 09960",South Ambermouth,Oregon
898de33f-e381-4863-8984-6a5a019c4d47,Samantha,Stanley,stanley.samantha@landry.com,+237 6598310215,2024-06-12 01:51:30,2004-12-16,"99019 Patrick Shoals
Edwardland, IA 33421",Lake Courtney,Hawaii
835278de-f011-48a0-abb4-ee98715ab14e,Mary,Watson,watson.mary@farley.net,+237 6513557454,2023-09-23 03:07:14,2006-08-20,"505 Douglas Port Suite 503
Campbellfort, TN 62409",Michaelborough,Nevada
008b4ce6-e7cd-4603-8eac-2c40e7396e7f,Cameron,Schwartz,schwartz.cameron@singh-sanders.com,+237 6701794037,2021-04-12 22:12:11,1988-01-12,"80200 Adam Light
Anthonyhaven, LA 79069",East Robertfurt,Montana
86af6ab0-e4b1-439b-a221-751e57f8f497,William,Brown,brown.william@morrow.com,+237 6586640637,2023-10-20 18:27:53,1968-05-15,"21855 Diana Gateway Suite 495
Lake Pamelafurt, GA 08350",Lake Melindaberg,South Carolina
615644dc-9481-4bde-9e6d-1ef1c3008f66,Brandy,Potts,potts.brandy@lane.info,+237 6568764235,2022-06-18 19:01:24,2007-06-22,"5371 Marcus Haven Apt. 136
Walkerbury, SD 05189",Port Ronald,North Dakota
a80c3c26-6fff-402e-97b7-07b37d709da8,David,Parker,parker.david@mathis.org,+237 6529847225,2024-01-25 09:25:39,1967-08-07,"903 Tami Flats Suite 598
South Amandaside, NH 12198",Laurenberg,North Carolina
7cbd859d-6c5e-49a0-b3c4-b2d364032985,Adam,Dyer,dyer.adam@hunter-holmes.org,+237 6527524842,2023-10-01 08:15:40,1977-01-21,"87415 Peterson Highway
Nicolemouth, PR 85678",Sierraside,Connecticut
f405ddc8-572e-46ee-9936-807c26fa0f6b,Brent,Turner,turner.brent@campbell.com,+237 6289330105,2022-11-18 18:35:04,2000-07-29,"5473 Sharon Radial
Lake Michaelmouth, WA 50855",Garciahaven,Kentucky
999d20eb-9596-44b2-8553-d32b933bb315,Angela,Casey,casey.angela@salazar-yates.net,+237 6868912216,2022-03-11 12:02:46,1981-03-12,"3997 Brown Station Apt. 665
Figueroaview, VT 12867",South Amandaburgh,Colorado
76c16bde-4388-4d11-be52-73ddac66b7c0,Melissa,Alexander,alexander.melissa@wallace.com,+237 6227726452,2023-03-03 15:39:37,1950-05-05,"4540 Lisa Plains
Santiagobury, UT 75460",North Patrickhaven,Colorado
1754eca9-9e82-4660-a773-5978f7f9e415,Heather,Dillon,dillon.heather@marshall-donovan.biz,+237 6811386140,2021-05-03 02:04:07,1943-11-10,"528 Blankenship Knoll Suite 849
Jeremyville, GU 92510",Wilsontown,Oregon
5fc3ab89-149a-418d-8418-f48310a135cd,Alexandra,Morrison,morrison.alexandra@clay.biz,+237 6520442786,2021-06-21 19:21:19,1978-04-13,"31326 Hamilton Stream
South Jonathan, KY 42421",East Holly,Alaska
f7c8eb4c-d434-4c03-8e38-752d81b5896f,Mark,Carter,carter.mark@rice-johnson.com,+237 6710778720,2021-03-07 07:46:13,1996-10-29,"006 Martin Lodge
Hernandezfort, NH 18150",Marialand,Minnesota
4c4c0e7f-e994-4b65-bb47-525e134daf21,Lauren,Lloyd,lloyd.lauren@wagner.net,+237 6550222360,2021-03-06 15:27:21,1993-04-04,"124 Daniel Walks Suite 620
Lake Tylerton, GU 71144",Port Georgeborough,Mississippi
d3ec1388-1495-405e-bcd9-9792021743ac,Krista,Hart,hart.krista@steele.info,+237 6556476457,2023-08-25 00:40:00,1973-10-03,"15423 David Lights Suite 612
Port Kevinchester, DE 58311",South Bradleyberg,Minnesota
fc613ab1-239a-46ec-956e-1bd3cac342c2,Michael,Marshall,marshall.michael@davis-salazar.com,+237 6755780894,2023-06-02 21:49:24,1934-07-27,"058 Morris Village Apt. 864
New Michaelberg, ID 89575",West Karenview,New York
fcfb7d41-4dc1-40a0-adef-b241b42883de,Trevor,Padilla,padilla.trevor@maldonado.com,+237 6541513984,2023-04-06 21:03:44,1967-09-10,"37316 Benjamin Crescent
Alisonmouth, ME 23409",Melissaview,Colorado
d33ada8f-1d26-4ab3-8222-d6bc858dcba9,Eric,Boyer,boyer.eric@arellano.info,+237 6267222136,2023-12-23 10:42:44,1947-07-05,"8936 Monroe Underpass Suite 704
West Kaylahaven, MP 41518",North Douglasburgh,New Mexico
009d88d7-fc91-4232-9128-c70d526c3b29,Andres,Ward,ward.andres@mills.com,+237 6253902160,2023-06-16 02:59:12,1944-05-27,"76491 Lucas Shore
New Aaron, NJ 86772",Lake Alan,Utah
c142a35d-8b79-4d17-a99d-94aebcd63041,Anthony,Taylor,taylor.anthony@skinner.com,+237 6796242633,2022-07-27 17:26:41,1948-03-14,"20086 Mendoza Manors
East Matthew, FL 10772",Lake Robert,Arizona
87607d1e-2e0b-4464-9393-2fdb14502afd,Barbara,King,king.barbara@gibson-brown.biz,+237 6259817198,2022-08-10 17:31:51,1983-05-13,"3360 Sarah Loaf
Brandiburgh, WY 26163",New Dylan,Virginia
