customer_id,first_name,last_name,email,phone_number,registration_date,date_of_birth,address,city,region
6e835dc7-c1dd-4138-b633-7ee2e8f4f061,Jason,Williams,williams.jason@harris-benton.com,+237 6873582616,2021-03-03 05:58:57,1996-02-07,"148 Holloway Mount
New Michael, IL 57997",New Jessica,Virginia
99621f42-2073-48c6-8de5-12059909ab14,Amanda,Gonzalez,gonzalez.amanda@russell.org,+237 6585486979,2020-11-16 23:51:08,1985-10-21,"PSC 9019, Box 0842
APO AE 24659",Tracyburgh,New York
9d73519a-045c-455e-81f7-d68d6bec0d87,Mark,Gomez,gomez.mark@johnson.com,+237 6575337297,2024-06-10 02:46:25,1949-06-21,"356 Owens Place
Port Kaylastad, LA 90295",East Jennifer,Wisconsin
0152a0e3-ca91-47f8-ad2d-85f9a125ef18,April,Carter,carter.april@rivers.net,+237 6217547594,2023-08-19 13:15:51,1969-11-14,"03356 Baker Causeway
Christensenborough, CO 60258",West Sandra,North Carolina
4d1ddd8e-72cc-4c54-82f0-b8046acf35a9,Elizabeth,Nelson,nelson.elizabeth@lane.com,+237 6547878362,2020-10-25 08:36:22,1963-11-11,"USCGC White
FPO AA 98779",North Michael,New Jersey
26ceff3e-4871-44c1-b3ba-944289190295,Michael,Salas,salas.michael@liu-vaughan.biz,+237 6757184212,2020-12-25 23:10:23,1968-03-06,"480 Timothy Island
North Davidport, SD 30733",New Trevor,South Carolina
ae26be5e-c745-49d5-8fdc-731e17e8367f,Rachel,Bates,bates.rachel@burns.com,+237 6872833016,2020-08-11 10:45:24,1985-08-31,"5856 Hooper Parks
New Adamchester, NJ 72690",East Jason,Illinois
9da6f9a1-0131-4352-8e64-ad41f5dce921,Dawn,Winters,winters.dawn@nichols.com,+237 6887745669,2023-11-28 15:35:50,1983-05-07,"92376 Brooks Path Apt. 760
South Brianview, OH 86500",North Kathryn,Virginia
bb7a23af-4f2a-40bc-9541-b320ef77ebef,Nancy,Hall,hall.nancy@ramsey-reynolds.com,+237 6755745917,2020-11-16 12:15:58,1951-11-26,"PSC 6019, Box 9081
APO AE 78265",Thomasfurt,Louisiana
f6ad30b8-716b-4fc1-8fdd-8de6e932e63e,Michael,Bailey,bailey.michael@fernandez-obrien.com,+237 6539538119,2021-11-23 02:45:10,1997-10-20,"883 Dominguez Place Suite 655
New Allenshire, IA 34391",Loweryborough,South Dakota
00c3b757-9647-4a13-a618-91b4159d2817,Christine,Gibbs,gibbs.christine@harris.com,+237 6245170836,2022-06-10 05:59:48,1998-08-12,"35205 Dorothy Fall
Thompsonton, DE 60142",East Kathrynchester,Louisiana
e7cad3d5-4093-4d73-960c-f06bec99422d,Joseph,Davis,davis.joseph@rangel-stevens.com,+237 6725639797,2020-09-09 18:34:03,1948-10-06,"46305 Carter Mission
West Franciscoberg, IL 65153",Port John,New Hampshire
6d98ea61-df23-40f1-9fb5-02ce3974987a,Kevin,Sanchez,sanchez.kevin@hartman.com,+237 6744962862,2020-10-11 05:50:55,1998-05-25,"812 Ryan Road
North Joshuatown, DC 21975",Taylortown,Illinois
6f31b1e8-df91-4709-afaa-ed01287233bc,Christina,Harrison,harrison.christina@adams-may.com,+237 6852488651,2022-04-10 06:43:15,1938-08-25,"284 Wilkinson Prairie
West Wendy, OK 85509",Cookborough,Minnesota
7ddbd055-fb9d-42c0-8ad8-70ac1f2e5148,Tammy,Schmitt,schmitt.tammy@gomez.net,+237 6801172545,2020-10-11 22:06:50,1934-01-28,"1376 Teresa Streets Suite 246
New Patrickland, IN 97701",West Kennethfurt,Idaho
aff135e4-d6cc-4fd7-ab3b-b0d8f86de539,Matthew,Small,small.matthew@smith.com,+237 6552944346,2023-12-16 03:49:02,1957-06-06,"PSC 8921, Box 5003
APO AA 44306",West Codyshire,California
3d219217-b472-4067-8723-e98ad746b552,Matthew,Jordan,jordan.matthew@holmes.com,+237 6235678184,2021-08-20 21:07:16,1994-11-29,"296 Joseph Islands
New Mathewville, IA 72182",New Peter,Wyoming
a01549a1-fa0b-479d-a0ce-20d6ea66b48f,Danielle,Smith,smith.danielle@cherry-perkins.info,+237 6236972095,2021-01-19 07:48:51,1984-03-09,"05950 Estrada Ways Apt. 863
North James, VI 85946",West Lindaville,North Dakota
c77c42ff-b64c-4fce-af6e-8583402db929,Valerie,Meyer,meyer.valerie@foley.info,+237 6260411650,2022-03-28 04:21:43,1937-08-24,"94723 April Wall
Lunahaven, AR 67598",Richardfurt,North Carolina
c74252a1-62d3-424b-bf54-c22b62a36a79,William,Benitez,benitez.william@stanley-watkins.com,+237 6221058105,2023-12-06 07:38:13,1993-04-05,"771 Reed Circle Apt. 660
Matthewchester, MS 38109",Grantside,Missouri
e9834cb9-49c4-455a-abd2-7d4b98f5d4b5,Nathaniel,Ellis,ellis.nathaniel@alvarez.com,+237 6854793166,2022-01-31 16:20:25,1969-10-13,"5526 Cody Mission
Matthewport, PR 43794",Port Ericview,Michigan
645b4a76-a7e6-40b7-8d75-bf1eb7d47362,Haley,Ward,ward.haley@villegas-barrett.com,+237 6245271018,2021-08-23 00:26:51,2001-02-17,"824 John Harbors Suite 071
Gabrielleberg, VA 67545",Port Marymouth,Nevada
2b5eee38-235e-4de1-b9e0-ea9ce98e6b07,Melissa,Kim,kim.melissa@spears.org,+237 6863022479,2022-02-17 06:47:52,1960-05-31,"29193 Carla Squares
Mariafurt, PA 64552",Montgomeryland,North Dakota
90b7b1f8-721f-4f37-bf0f-c1a935e7c06c,Jason,Murray,murray.jason@george-dean.com,+237 6290654689,2021-01-30 05:44:27,1991-10-07,"69545 Jeremiah Plains
North Bryanbury, PR 51396",West Ronnie,Louisiana
22649408-6d0c-47d5-a12d-13ea996d038d,Courtney,Knight,knight.courtney@brown.org,+237 6571218894,2022-12-29 05:22:15,2001-11-06,"749 Austin Meadow Apt. 513
Kristenstad, TX 08943",South Jenniferchester,Iowa
ede3c802-d7a1-4a43-aea1-1a098b66b80a,Jessica,Schroeder,schroeder.jessica@cooper.net,+237 6219217286,2023-02-04 18:36:51,1941-05-01,"919 Hebert Freeway Suite 195
Bruceburgh, IA 56693",Lake Coreychester,Nebraska
97d87507-491d-4ff1-9d08-a2a5e4e39321,Monique,Hunt,hunt.monique@williams.info,+237 6795407614,2023-01-24 10:19:29,1964-07-11,"41797 Holland Well
North Williamside, OK 77147",Rivasfort,Mississippi
b53e82e7-ef3e-4e57-b15c-8a975bd5537a,Elizabeth,Watson,watson.elizabeth@sexton.com,+237 6827577747,2021-07-22 10:41:47,1968-02-21,"98101 Pena Plain Suite 408
Pollardport, MO 19720",Rachelland,Delaware
24500840-02a5-4794-9968-c2bb588b5917,Bradley,Smith,smith.bradley@cox.info,+237 6861357027,2023-09-26 21:19:00,1978-06-26,"9288 Harris Extension Apt. 580
North Robinland, PA 22998",Davidchester,Mississippi
a4b03e32-d710-4a0e-acfd-3bf85feafdcc,Charles,Malone,malone.charles@smith.com,+237 6770975313,2021-09-14 10:30:52,1977-11-26,"544 Dana Cliff Suite 779
Peggyburgh, KS 05307",Petersonland,North Dakota
c7aae53d-a7b6-4341-804d-4d8664ce0605,Brian,Kim,kim.brian@murray.biz,+237 6209379938,2020-10-24 17:57:43,1936-09-21,"178 Wright Curve Apt. 992
Knappview, TN 14481",Jeffreyview,Hawaii
c595462b-0bb2-4607-926f-5cdc9e6434df,Carolyn,Anderson,anderson.carolyn@meyer-carr.org,+237 6743097045,2022-01-15 11:54:27,1935-05-29,"67383 Campbell Ridge
South Amyville, MA 30371",New Marialand,Massachusetts
0040985e-2890-436a-a8ce-526e34ad12f6,Linda,Walker,walker.linda@rivera.com,+237 6287068964,2023-04-01 18:06:25,1992-04-06,"92061 Jeremy Flat
Andradestad, UT 15245",South Daniel,Maryland
93330120-156f-4f54-8761-f70d04dd1274,Mario,Moore,moore.mario@smith-ramirez.com,+237 6812684395,2020-11-28 10:42:20,1976-01-03,"83639 Jackson Burg
East Michaelton, AZ 77948",Hutchinsonborough,Hawaii
f274465d-6892-4b78-9e09-58cad39b8da5,Nancy,Benitez,benitez.nancy@palmer.biz,+237 6876481976,2024-07-08 19:58:33,1977-02-27,"137 Cross Squares
Heathmouth, NE 97287",Daniellechester,Ohio
a3b4d500-ad4b-406a-844a-20fd0d9c439b,Karen,Turner,turner.karen@dunlap-welch.com,+237 6750934767,2022-08-18 23:14:32,1980-03-26,"386 Amy Gateway
Port Brian, MI 72199",West Zacharymouth,North Dakota
701ff7fd-ed03-49e4-8a19-aab74270bd59,Laura,Davis,davis.laura@serrano.info,+237 6265833223,2023-09-24 22:55:00,1982-07-15,"887 Walker Lock Apt. 436
Ronaldton, NY 11577",Lake Melindaberg,New Mexico
633cf6b1-c63d-4495-b73d-60f027d7ee59,Mitchell,Villanueva,villanueva.mitchell@andersen.com,+237 6203616321,2021-10-09 19:09:27,1999-11-13,"994 Danny Stravenue Apt. 489
Camachoborough, AS 34417",Michaelberg,Alabama
ad5374e3-2c56-41a7-b449-28c7f0f3cec5,Caroline,Cohen,cohen.caroline@harris-berry.com,+237 6568849166,2020-09-21 11:36:38,1994-06-20,"34857 Laurie Port
Lake Derekside, MS 46315",Barnestown,South Carolina
7eeaf22e-f746-4316-b5a0-7bc357a5d3dd,Linda,Walter,walter.linda@gordon-english.net,+237 6827673809,2022-01-18 21:52:14,2002-10-24,"3701 Powers Overpass Apt. 654
Patrickside, VT 29059",Tannershire,Indiana
1b6d3fd7-ec33-414d-bb44-dcb69b82771d,Randall,Powell,powell.randall@hall.com,+237 6256983837,2021-06-07 03:09:10,1976-05-12,"638 Darryl Keys Apt. 418
Joshualand, GA 75367",Josebury,New Jersey
95a2a7a6-6e08-4af2-a26e-c4aaace2edd8,Kevin,Myers,myers.kevin@guzman.org,+237 6793783729,2024-05-04 18:44:52,2006-07-13,"1384 Roberts Overpass
Carpenterland, ND 41334",New Benjamin,Arizona
23dba0d8-ee84-431f-adac-03c6d2ba6bb5,Nichole,Rodriguez,rodriguez.nichole@martinez.com,+237 6817163399,2020-09-16 07:08:25,1984-09-24,"379 Daniel Gateway Apt. 736
East Dawn, MN 99946",Hansonland,Texas
9ec16a8f-a335-4365-8e6e-8f58b4d793ea,Nicholas,Robbins,robbins.nicholas@hayes-li.biz,+237 6245579461,2021-04-21 20:51:36,1963-11-23,"2840 Owens Via
Port Jillbury, VA 42466",Campbellfurt,South Carolina
f18f6e6b-25d3-484e-aa19-546bd7c64907,Shawn,Parker,parker.shawn@peters.org,+237 6797945664,2020-08-25 03:33:27,1945-04-11,"352 Sullivan Circles
Lake Carolynton, NE 27544",Lake Stephaniebury,Florida
d7acfc4d-a4cc-4a91-bc13-658e49410efd,Frank,Mcdaniel,mcdaniel.frank@reynolds.com,+237 6877362387,2022-09-18 11:53:22,1982-08-19,"6474 Owen Ford Suite 298
Charlesbury, MN 76801",North David,Oregon
4c2b5793-7360-4a7f-a902-4d3e76b9982c,Rebecca,Gibbs,gibbs.rebecca@johnson.com,+237 6784543498,2022-06-25 06:50:04,1953-03-11,"6646 Jennifer Loaf Suite 946
Gregoryfurt, NJ 95067",East Brenda,California
7c3a417a-048e-4675-aaeb-71fc35a9945a,Sharon,Murphy,murphy.sharon@henson.com,+237 6282145563,2022-06-28 02:06:45,1995-10-14,"113 Morris Island Apt. 903
Smithmouth, VT 02785",Benderside,Louisiana
b9c16d8b-d192-4249-8ef3-4fdb247e772c,Isaac,Rose,rose.isaac@byrd.com,+237 6768992280,2021-05-05 12:59:57,1955-06-21,"783 Ross Courts
East Breanna, VT 79858",Colemanside,Ohio
29659116-1d0a-4f25-84cc-ee4be10fca77,Barbara,Green,green.barbara@brock.com,+237 6783311677,2023-04-01 18:59:48,2000-08-04,"038 Cook Pine
Port Stacyton, PA 50093",North Patricia,North Carolina
fd20918f-e622-45f2-9d6b-5abce0095d4d,Charlotte,Tucker,tucker.charlotte@miller.com,+237 6805794970,2023-04-05 13:22:57,1959-08-31,"1474 Stephanie Port
Tylerview, ID 39781",Port Linda,Nebraska
5fd23152-9ffa-455b-b78c-4208184315ba,Mary,Lutz,lutz.mary@jackson.com,+237 6892818465,2023-07-04 01:32:49,1971-08-27,"623 Kenneth Fork Apt. 535
Port Kaitlyn, AK 71626",East Richard,Kansas
adb89a7a-8ca4-4a94-a4c0-aadc48f8893d,Natasha,Wilson,wilson.natasha@strickland.org,+237 6532375061,2024-04-21 17:20:34,1951-08-13,"5080 Hernandez Flat
South Juliabury, UT 92977",North Keithview,New Hampshire
01354cf7-ee51-4881-972a-c8e47cc57502,Margaret,Bell,bell.margaret@lara-marsh.org,+237 6786352344,2024-04-28 01:08:45,1967-10-24,"26513 Brandon Squares
Ashleyview, NJ 77547",North Yvette,Delaware
d55bf159-ab3a-4de1-81c4-dd6bdf0caa8a,Latasha,Miller,miller.latasha@matthews-harvey.com,+237 6587966935,2023-05-16 11:38:58,2004-01-15,"066 Henderson Station
Lake Geraldburgh, VA 37656",Lake Robertfurt,Minnesota
e865ef33-627a-4d3c-aa61-014a0ff3d16a,Mark,Cline,cline.mark@mitchell.com,+237 6891491063,2024-04-16 20:38:42,1938-07-25,"660 Turner Spring
East Brent, AZ 14661",Williamview,Florida
0379b3da-f343-4d98-8acd-2eeba7cc983d,Luis,Oconnell,oconnell.luis@castro.net,+237 6777734749,2022-04-27 03:52:20,1970-08-16,"048 Michael Station
Port Michael, MD 97661",Fosterchester,Idaho
c160c524-fee9-4e87-8d48-96aa29e45087,Brittany,Ramos,ramos.brittany@davis.com,+237 6832604305,2023-06-10 14:18:50,1940-09-30,"082 Anthony Club
Veronicamouth, NE 84222",New John,Connecticut
edcb99ea-1aff-4006-800b-1225a86a075e,Thomas,Davis,davis.thomas@clayton.com,+237 6541007881,2021-02-21 16:51:40,1958-07-23,"996 Gonzalez Underpass
Mitchellbury, NJ 43267",Osborneview,Connecticut
3bbab3e8-1c18-43e1-a3d8-c8407bd81e1c,Kristen,Rogers,rogers.kristen@heath-bailey.com,+237 6764502565,2023-08-29 01:59:20,1966-12-10,"PSC 1476, Box 3289
APO AP 98635",Heathfurt,Vermont
70562f43-a0f7-422e-81b5-4daa83ca4849,Justin,Ramos,ramos.justin@phillips-mendez.info,+237 6763630250,2021-08-10 17:37:11,1945-07-10,"720 David Orchard Apt. 623
West Craig, NJ 00991",Masseyview,Michigan
ecbe5b59-fdb9-48fd-acc9-52b358129eb7,Mark,Palmer,palmer.mark@henderson-burns.biz,+237 6852666228,2021-01-18 21:55:07,1939-10-05,"89955 Tanya Port
North Josephland, NY 81772",Davidbury,Missouri
8c003d2a-a05b-44f3-99b0-abb01929aca6,Gregory,Garcia,garcia.gregory@roberts.com,+237 6822799117,2023-12-03 06:54:45,1981-12-18,"9005 Kevin Corners
East Christopher, TX 39300",West Ashley,Wyoming
09627347-3967-4fbf-b899-0296d173b95b,Selena,Green,green.selena@wolfe.com,+237 6201166332,2023-06-25 19:08:26,1956-07-25,"00164 Morales Spurs Suite 921
North Denise, ND 73235",Deborahstad,Wisconsin
6590c7f1-4e57-4e26-bdf5-49e0588d1a58,Robert,Ortiz,ortiz.robert@hall-bass.biz,+237 6528878833,2021-01-14 04:46:33,2002-08-18,"7783 Donald Run
Heidimouth, OK 40905",Kevinborough,Wisconsin
777563c0-6428-4c2b-910b-0673001ee06b,Brandon,Gonzalez,gonzalez.brandon@hernandez-schneider.com,+237 6535932625,2024-05-06 07:18:48,1968-12-26,"07997 Tucker Dale Suite 756
Roberttown, IA 14673",East Moniquehaven,Idaho
0a86873c-7d72-4352-881a-44d57be65bc4,Cody,Johnston,johnston.cody@contreras.biz,+237 6232838463,2022-02-01 03:19:08,1979-12-14,"2504 Robinson Cliffs
East Sarah, RI 26020",West Derrickmouth,Vermont
fb95a3bb-57fd-4d60-8370-149d8107d63e,Elizabeth,Wade,wade.elizabeth@kidd.com,+237 6580410380,2020-10-04 21:17:18,1985-07-23,"701 Dixon Ville Apt. 610
West Susantown, NM 11375",Roachport,Vermont
a97375ef-e4ad-4805-b607-e70e29f609ec,Zachary,Miles,miles.zachary@miller.info,+237 6594442442,2023-12-29 10:49:37,2006-03-17,"10171 Ryan Underpass
Pughmouth, OH 39618",Matthewport,Indiana
2fe98f3e-a0e4-4acc-95b5-ee5efdb9df5b,Michelle,Russell,russell.michelle@bruce.com,+237 6883268842,2022-07-18 23:49:31,1946-07-07,"9572 Terry Shores Suite 001
Larsonmouth, MD 78469",Montgomerychester,Pennsylvania
5d80af6c-e1e3-4e16-82c0-b7242f827deb,Sheri,White,white.sheri@castro-garrison.com,+237 6277615108,2020-12-07 18:37:06,1940-04-21,"7750 Price Coves Suite 261
Johnsburgh, NV 97089",New Codyborough,Minnesota
91b0e2e5-6a24-4020-b3bc-ed847c5e4ffc,Peter,Phillips,phillips.peter@ryan.org,+237 6885655274,2023-09-17 09:24:29,1988-02-04,"441 Cathy River
Manningchester, NV 80355",Amberstad,Colorado
1d36268e-0763-4396-9da0-78d999ee2d41,Taylor,Shepard,shepard.taylor@lopez.com,+237 6239019910,2023-07-25 17:35:47,1996-09-19,"056 William Camp Apt. 433
Port Christopherborough, DE 66640",Lake Mark,South Dakota
6796caaf-fd52-4d93-bbbd-2cb97c9dba86,Cynthia,Whitney,whitney.cynthia@hoover-green.org,+237 6837718434,2024-03-14 06:19:30,1957-08-18,"8492 Stevens Course Apt. 702
Loganmouth, CT 12338",Gordonville,New Jersey
485e46fc-a61f-48f9-8033-d73a6738b6b7,Erika,Bennett,bennett.erika@ochoa-garrett.com,+237 6766041446,2024-06-01 04:06:58,1988-07-19,"275 Brown Lake
Davisbury, SC 06157",East Soniaton,Washington
87f9a356-c3c5-44a9-83db-bdc5b2479779,Lisa,Gates,gates.lisa@stewart-nielsen.com,+237 6755492155,2021-09-10 00:04:33,1986-06-05,"Unit 6442 Box 3289
DPO AA 07169",Dennismouth,Oregon
c18aeee3-a51d-4109-af9c-98316019adfa,Scott,Little,little.scott@sanchez-stephens.info,+237 6257698050,2021-11-19 00:54:39,1970-06-12,"55190 Nicole Union Suite 158
South Amandaborough, MN 23221",Huertaport,Michigan
75c2fe50-a1bc-4e57-963e-03597986a17a,Kenneth,Rivera,rivera.kenneth@young-harris.com,+237 6832924325,2023-06-23 17:38:55,1977-12-22,"5919 Perry Square Suite 529
Pedrofort, IL 70977",Hernandezhaven,Oregon
5c8a9480-30f7-4991-a4b5-d9497b0277be,Janice,Gregory,gregory.janice@hopkins-pena.net,+237 6547320079,2020-10-29 00:28:24,1943-03-16,"3823 Jessica Mountains Suite 016
East Timothy, NJ 05118",Jamesport,Kentucky
2e776ee5-0808-4b8a-a425-49001cd70c7f,Brett,Stephens,stephens.brett@nunez.info,+237 6293963939,2022-09-27 02:24:26,1983-02-02,"PSC 3186, Box 3948
APO AA 37513",West Nicholasstad,Delaware
9e0fdead-7fa9-4034-b32c-9a45ff5ff7bf,Richard,Gonzalez,gonzalez.richard@mccarty.com,+237 6822955086,2022-12-15 05:38:56,1939-04-28,"88975 Meza Passage
Adammouth, FL 08949",North Olivia,Wyoming
7db340ae-4eae-4f1f-92d6-2953b05f6c12,Amy,Hudson,hudson.amy@garza.com,+237 6592300690,2023-01-07 11:15:56,1966-10-01,"238 Vincent Pine
East Cassandraside, IN 30415",Frankmouth,California
046878eb-c7d8-4559-b9d7-e110b13e76a4,Sharon,Wells,wells.sharon@mata.info,+237 6878154183,2021-03-12 18:59:52,1977-05-14,"064 Williamson View
Guerraport, MA 59280",Kristinland,Kansas
299560ce-ab0b-4a36-9034-5796b012cc32,Gerald,Martinez,martinez.gerald@wilson.com,+237 6205417816,2023-06-25 17:05:53,1976-11-19,"1216 Allen Mountain Suite 444
Colintown, WA 34752",North Charles,Utah
1a5b7f24-3f1e-45a5-b7e9-7787a8faf876,Albert,Barnett,barnett.albert@clark.com,+237 6806015046,2021-09-20 17:35:50,1984-08-31,"175 Roy Well
East Amyview, IA 70732",Josephland,Oregon
a28f316c-6109-432f-b6ab-51fb50c3d53d,Ricky,Sanders,sanders.ricky@clark.net,+237 6849317071,2022-01-12 04:19:07,1953-06-16,"2561 Theresa Circles
Port Anthonyland, PW 62045",South Kimberly,South Dakota
4ae8e18e-6edb-4480-8b78-c12d3ac8ef8d,John,Marshall,marshall.john@garcia.com,+237 6549581714,2023-08-16 01:59:08,1965-07-19,"246 Kayla Road
Justinshire, NC 00624",Hudsonberg,South Carolina
7a47643c-8c2f-427c-9b38-99eadabc9f62,Angela,Pena,pena.angela@hill.com,+237 6711561613,2021-11-30 14:59:57,1951-11-11,"USCGC Everett
FPO AE 38454",Margaretchester,Idaho
1329f31a-973b-405b-bc00-d4715eabe5af,Melinda,Johnson,johnson.melinda@thompson-alexander.info,+237 6260499734,2024-07-18 01:33:19,1958-09-12,"86502 Julia Stravenue
Amyshire, NC 86412",Port Rose,Vermont
8c604b12-f204-4762-92c3-21eff2d3998f,Larry,Estrada,estrada.larry@washington.org,+237 6214798091,2024-03-08 09:00:17,1973-10-15,"92900 Oliver Mount Apt. 289
Tammyborough, MI 16088",Allisonport,Washington
8b4ffe88-536a-4855-8808-9f1fd78ee3e3,Brandon,Wright,wright.brandon@smith.org,+237 6275829215,2021-06-09 08:08:47,1993-11-14,"3208 Baker Pass
Monicaburgh, NJ 21309",North James,Wisconsin
751909fc-7731-4299-b94a-f21b93a837d2,Andrew,Harris,harris.andrew@arroyo-clark.info,+237 6599072043,2021-09-30 22:57:22,2000-11-02,"89326 Thomas Track
Danielborough, FM 24643",North Haley,Florida
bf9524f2-a973-412f-bb9b-941200ff005a,Elizabeth,Curry,curry.elizabeth@ford.com,+237 6548737483,2021-07-27 08:01:13,1981-01-20,"27460 Hawkins Road Suite 188
South Robinville, SD 22509",West Jamie,Pennsylvania
5d113e35-b3dc-4a8d-bd2f-5cfe2cac24f6,Bailey,Cummings,cummings.bailey@young.biz,+237 6764784307,2024-06-02 06:54:24,1978-12-05,"94031 Lane Lakes Apt. 825
East Rickyshire, NY 57681",Carlachester,Iowa
66282438-4b9a-4c6b-831b-72011874eaed,Brandon,Dyer,dyer.brandon@travis-hurst.com,+237 6215084167,2022-06-20 04:28:58,1939-06-23,"25618 Gilbert Passage
Courtneyland, IN 37791",Freemanfort,Oklahoma
a864b5f4-9ef9-480d-9bb1-bd56c9f80ccc,John,Kent,kent.john@anderson.com,+237 6223967274,2022-01-18 18:05:54,1996-01-07,"53005 Jacqueline Summit
Clarktown, HI 66095",Clarkville,Ohio
34d07b24-c28c-4caa-998e-4d07d40b6c27,Anita,Richmond,richmond.anita@pham.biz,+237 6211607739,2023-10-07 01:25:33,1977-03-21,"658 Rebecca Bypass Suite 258
East Nicole, OH 66863",West Scottbury,Georgia
6c233458-04ca-483c-82b8-5aba5f490ec3,Tracy,Harris,harris.tracy@wells-deleon.com,+237 6868171661,2023-04-25 21:22:24,1962-10-16,"00885 Cruz Lodge Apt. 579
Port Laura, AL 63686",West Jenniferchester,Kansas
e1b54ddd-dd19-4550-87bf-5bd70773d39d,Thomas,Garza,garza.thomas@williams.com,+237 6224563363,2022-02-27 21:36:03,2007-04-27,"1400 Daugherty River
North Austin, KS 30304",Port Matthew,North Carolina
8b1da46b-9b54-44d4-8ceb-0c0276bc2a08,Derek,Cummings,cummings.derek@madden.org,+237 6233362280,2021-07-13 20:02:22,1969-07-27,"2474 Leonard Ford Apt. 628
Wrightburgh, AK 26467",West Aaron,Montana
498a18b8-5cbd-45d3-9c3e-481f38a3e5d5,Cynthia,Douglas,douglas.cynthia@vasquez-kelly.com,+237 6291427621,2021-05-04 21:08:38,1989-08-03,"0851 Carlos Overpass Apt. 169
Rodriguezchester, MH 61024",Rodgersland,Pennsylvania
edc875bd-584a-471e-a489-fe4416dcdcdb,William,Hernandez,hernandez.william@williams.com,+237 6763649698,2021-10-18 04:07:32,2005-09-06,"29471 James Stravenue Suite 442
New Gabrielberg, FL 58483",Brandiberg,New Mexico
7120f093-4df5-4549-b98f-b9ffccbb16da,Kimberly,Morris,morris.kimberly@miller.com,+237 6718273884,2021-11-12 17:47:01,1968-08-14,"8238 James Place Apt. 600
South Carmen, UT 64940",West Janetborough,Texas
be005f1e-7743-41ef-9148-5c74898d040d,David,Weaver,weaver.david@kelly.com,+237 6541941896,2024-07-30 01:42:49,1962-05-06,"0557 Joseph Glen Suite 185
Moorestad, OH 97497",Casemouth,Kansas
fff6a5b5-8bc9-4f46-89a0-f29b174e171b,Martin,Carter,carter.martin@martinez-preston.com,+237 6216946368,2021-03-29 17:26:01,2005-10-19,"150 Brandy Route Apt. 683
Victoriamouth, IL 50173",North Edward,South Dakota
d5774a20-18a8-4dba-9385-130753c49dc5,Jason,Bell,bell.jason@clark-park.com,+237 6237664842,2023-03-09 01:49:04,1959-05-06,"64564 Fernando Hollow Suite 348
North Timothy, MN 47192",Port Morganville,Wyoming
c77a8831-7dc6-48db-8026-1114e5a49c23,Jeffrey,Harris,harris.jeffrey@rodriguez.net,+237 6872318688,2021-01-20 07:36:53,1981-02-13,"5513 Brandi Track Apt. 321
Port Robertshire, MS 64627",Howardburgh,Delaware
32383905-d691-42e4-9082-d477946fa727,Yolanda,Ryan,ryan.yolanda@dixon.com,+237 6555404711,2021-07-07 09:55:17,1950-08-12,"5595 Ryan Square Suite 077
Roberttown, HI 40894",Davidbury,South Carolina
d1c90bdf-92a1-4fed-829f-129dfa36d24a,Amy,Haney,haney.amy@beck.info,+237 6834093123,2021-03-19 01:30:52,1975-11-13,"7366 Goodwin Ports
East Kevin, WY 48291",Lake Melissaberg,Connecticut
1e48f453-5795-4f57-95a6-c4ff854c8b86,Kathleen,Clarke,clarke.kathleen@ford-wilson.net,+237 6815190104,2022-02-05 10:53:24,2007-05-14,"5333 Hoover Underpass
New Heatherberg, FM 35435",Alyssaside,Alaska
3720721e-2678-4c33-874f-adedfe1469c5,Donna,Jones,jones.donna@wagner-lynch.info,+237 6716620997,2022-02-21 18:27:53,1969-07-01,"22103 Buchanan Stream
Adrianside, MA 99523",South Aaronhaven,Massachusetts
251c1e82-6864-4f40-a054-ff5fbeabf8ac,Joseph,Bush,bush.joseph@hopkins.org,+237 6287766230,2022-08-18 17:40:39,1988-01-17,"8315 Howell Corner Suite 096
Port Erica, AK 20601",West Kelsey,Alabama
6ad1344f-733e-4179-8fc4-0d7298946c9b,Michael,Smith,smith.michael@maxwell-davis.com,+237 6583190435,2023-03-22 00:35:03,1951-12-17,"2204 Michael Oval Apt. 334
New Danielbury, NE 99562",East Alexandrahaven,California
93632aa5-8b48-47b0-b929-990badef33b1,Bryan,Huber,huber.bryan@schaefer.info,+237 6597912743,2024-04-06 20:21:04,1996-08-28,"Unit 8206 Box 0947
DPO AA 75755",Julieborough,Virginia
6373ce66-cb21-4242-a9c2-1ebfaf9f3f34,Mary,Fox,fox.mary@carney-flores.com,+237 6251288396,2021-12-13 10:38:47,1988-04-27,"9958 James Lakes Suite 496
Elizabethstad, WI 45229",Claireland,Illinois
d04635e7-9a1c-46c0-b679-faa05403ebc5,Mary,Soto,soto.mary@ibarra.com,+237 6596307795,2023-07-13 23:42:00,1945-11-30,"Unit 8706 Box 2830
DPO AE 48610",South John,North Carolina
376af0e0-e265-4679-9e32-3e298beff596,Michelle,Barber,barber.michelle@stephens.org,+237 6297030852,2021-06-06 02:35:50,1989-11-24,"1578 Gay Drive
Sheltonland, NM 87963",Danielview,Nevada
82a9c1ba-01d2-414a-853e-184e57027277,Warren,Carson,carson.warren@santana-alexander.com,+237 6763958011,2022-03-21 21:50:41,1960-05-02,"1705 Michael Islands
West Mark, KY 60575",Michaelborough,Rhode Island
e1e49107-6259-4b49-b20e-226587687658,Marisa,Brandt,brandt.marisa@trevino-nelson.biz,+237 6774367510,2024-07-26 08:39:08,2004-07-14,"71250 Charles Springs Apt. 794
East Reginastad, PR 22104",North Dorothy,Minnesota
a8d46987-3754-467c-8a50-d7474641afdb,Catherine,Tran,tran.catherine@baker.org,+237 6781901658,2023-09-16 17:04:06,1936-12-08,"9204 Rios Villages
South James, AR 15406",North Gabrielborough,Minnesota
0346050b-6267-40c8-a5af-dc94059ac935,Vincent,Martinez,martinez.vincent@richardson.com,+237 6798452038,2022-12-19 23:56:49,1951-06-08,"395 Garcia Roads Suite 746
Annemouth, CO 48372",East Julieburgh,Arizona
1b8f1d46-d0e0-4017-a2ae-731207f20511,Raymond,Clark,clark.raymond@meyer.com,+237 6212759980,2021-11-18 02:33:25,1995-09-13,"PSC 6514, Box 8116
APO AE 28502",New Brian,New Mexico
878ea58b-668a-411c-af48-7c804b78422d,Brianna,Cooper,cooper.brianna@perez.info,+237 6706513769,2023-02-19 13:48:19,1947-11-20,"44715 Klein Summit
Lake Henry, SD 24930",South Teresa,Georgia
2a2383c6-c708-418d-af33-6a1e7dd84f20,William,Ritter,ritter.william@carpenter.biz,+237 6538103192,2024-01-26 14:18:21,1981-08-21,"7299 Gwendolyn Lane
Colleenfurt, KY 10473",North Kevin,Rhode Island
37f21ef4-29f0-4764-9e29-e2ecc92a12bc,Travis,James,james.travis@lyons.org,+237 6240133390,2021-09-09 16:42:42,2000-04-05,"969 Smith Ranch
East Christianland, NY 76022",Wolfview,Arizona
d3358a73-f064-4653-bcb3-0b2f430e2ef9,Stefanie,Leblanc,leblanc.stefanie@taylor.com,+237 6787885384,2022-08-16 02:58:49,1980-03-31,"094 West Brook
Arellanostad, CT 72390",Thomashaven,Montana
eceb72cb-6da9-4326-962f-eb1b14cbf25d,Natasha,Aguirre,aguirre.natasha@anderson.com,+237 6767667476,2024-01-31 22:56:16,1950-08-10,"6669 Knapp Estates
Tonyamouth, GA 01026",Lake Robertfort,Georgia
d1bc64ae-2867-4207-b868-b192b295fbf2,Lucas,Dixon,dixon.lucas@turner-carey.com,+237 6881730858,2023-01-02 09:36:42,1934-07-11,"780 Malone Parkway
North Abigail, HI 68608",Hodgesland,Michigan
209c01c4-3490-4c02-af77-b7e6ba0941cf,Justin,Singh,singh.justin@reynolds-davis.com,+237 6526487263,2021-07-09 18:30:15,1946-04-26,"4773 Lisa Street
New Heather, IA 09750",East Sarahfurt,Nebraska
4fc19422-2f7b-4259-8956-9159a662520d,Michael,Reyes,reyes.michael@hunter-fuentes.info,+237 6810225681,2024-04-07 09:30:37,1983-03-05,"877 Graves Isle
Singhstad, AK 56684",Michaelbury,Iowa
9936f8f6-7cb3-4758-98bc-305414813ed2,Elizabeth,Meadows,meadows.elizabeth@edwards-mcdowell.biz,+237 6543003894,2024-02-04 09:47:04,1986-10-24,"6072 Mitchell Passage Suite 057
North Royfurt, CT 11328",North Davidport,Massachusetts
41673843-da10-4f47-9af6-b51034ee8a5b,Wesley,Ramos,ramos.wesley@wagner-cummings.org,+237 6232382262,2022-01-26 09:59:25,1989-01-06,"USCGC Harris
FPO AP 44797",Klineview,Pennsylvania
1d4bbe83-ff9e-442b-92b2-42bb7287727e,Melissa,Guzman,guzman.melissa@lester-rich.com,+237 6510677823,2024-07-22 03:51:30,2003-07-22,"USS Hodges
FPO AE 94755",Lake Patriciaborough,Hawaii
0e500c90-1817-4739-b035-c28cbffae6b9,Nancy,Livingston,livingston.nancy@williamson.net,+237 6891786840,2021-07-24 01:29:33,1992-10-07,"32894 Isaac Dale
Lake Bonnie, VA 17395",Ramirezville,Wisconsin
6075377d-80d2-4748-b331-5e6a58ad18af,Kent,Vazquez,vazquez.kent@barrett.biz,+237 6246319399,2023-12-28 00:14:54,2004-11-29,"515 Laura Plains
East Michael, MO 87019",Rachelbury,Oklahoma
4767040d-4b20-4b2a-9238-c841e7654b2e,Steve,Robinson,robinson.steve@davis.com,+237 6520702856,2024-07-04 14:42:27,1987-11-05,"407 Duncan Shore
Port Catherinetown, NM 79873",New Benjamin,Michigan
791405f4-bd78-4002-8bad-be381e3c75c1,Travis,Weber,weber.travis@bray-butler.biz,+237 6736406869,2022-01-18 22:48:25,1990-07-01,"Unit 5596 Box 2751
DPO AP 94211",East Sheliafort,Florida
7f0c647d-1e04-443b-b642-b02de8a05b7a,Alison,Pratt,pratt.alison@sexton.com,+237 6700107784,2020-09-04 06:44:49,1958-01-15,"Unit 0985 Box 0526
DPO AA 83285",Lake Brian,Ohio
9edfabd6-3691-4733-93f6-f07c36190e52,Christopher,Smith,smith.christopher@shaw.com,+237 6566082570,2021-02-01 12:35:25,1942-11-19,"Unit 0438 Box 7619
DPO AP 02346",Lake Ashleystad,Connecticut
9c2ce9d6-b686-486c-9bff-6e1b09bc1d0d,Briana,Pratt,pratt.briana@morgan.com,+237 6759154430,2024-02-26 18:57:36,2003-11-01,"234 Campbell Lock
Scottchester, NC 70747",New Kristyfurt,New Mexico
26e232f1-25f6-4584-a3f6-f01297c30b13,Christian,Watson,watson.christian@randolph.com,+237 6834314383,2023-06-06 04:50:24,1982-08-28,"356 Torres Terrace
Watkinsmouth, IL 01111",Kimburgh,Alabama
2f29c259-a767-436f-b21a-c668bba06c6f,Benjamin,White,white.benjamin@green.net,+237 6821053103,2022-03-07 15:27:46,1967-04-15,"17161 Spence Branch
Port Hunterfurt, ME 50822",Stevenmouth,Vermont
378499ca-abe3-44ac-837f-19153735dba5,Alison,Johnson,johnson.alison@mason.com,+237 6248119176,2021-05-27 15:52:25,1968-11-23,"Unit 1879 Box 1399
DPO AE 93392",Port Tonystad,Virginia
8cbdca42-1964-40d0-a42c-fd14d1017aa4,Alan,Payne,payne.alan@chandler-anderson.com,+237 6809973253,2021-02-02 13:12:06,1959-01-27,"05679 Jennifer Park Suite 971
New Brenda, VT 48415",East Andreaside,Tennessee
7ecad9f7-1e6a-431f-b86a-e6548b3fea45,Christopher,Kelly,kelly.christopher@robinson-fitzpatrick.com,+237 6555572209,2023-04-11 02:45:34,2005-04-14,"54423 Erik Crossing
Debramouth, AK 68187",Monicafurt,Vermont
ac30ef5c-884e-49f9-8cb6-51bbd33ee7af,Riley,Smith,smith.riley@simpson.org,+237 6775724477,2022-07-12 04:07:08,2004-04-28,"376 Donna Isle
West Cynthia, DE 29914",West Chelseaview,Washington
f7b26506-a400-4619-8a6d-090b3fd00b16,Felicia,Juarez,juarez.felicia@reilly.com,+237 6773653127,2022-08-31 12:30:29,1963-05-29,"561 Perez Place
Geraldburgh, NM 77340",Melissastad,North Carolina
f24348a8-a36e-4c7c-9002-e7e4db6eaf3f,Tammy,Campbell,campbell.tammy@castillo.com,+237 6888434008,2021-12-01 03:48:22,2005-04-11,"5564 Emily Expressway Suite 198
Jamesshire, NH 28950",Velasquezbury,Arizona
d0e79a82-c3e7-4616-9a61-cd84ef717eed,Veronica,Dominguez,dominguez.veronica@greene.com,+237 6775697482,2023-05-17 22:00:24,1935-04-16,"297 Anna Roads
Hernandezstad, NC 77932",Port Sabrina,Georgia
a35fd036-5154-4bc3-9138-0ca51780f52a,James,Yu,yu.james@key-jones.com,+237 6504196144,2023-07-27 08:25:53,1952-02-12,"35560 Adam Plains
South Alexport, LA 24798",New Melindatown,Kansas
f6a02878-9151-40fe-bcac-0308c3af156d,Emily,Sanchez,sanchez.emily@green.com,+237 6502503582,2022-04-03 06:40:45,1988-08-16,"485 Christopher Ferry
Port Benjaminland, NE 28922",Port Sarahaven,West Virginia
a6a28242-d652-48cb-bbd9-62e87251344a,Catherine,Francis,francis.catherine@macdonald-evans.com,+237 6507323109,2022-10-12 04:29:22,1943-05-05,"83952 Lisa Shore Apt. 076
New Matthew, NY 55241",Lake Rhonda,Massachusetts
4969a1ba-28d5-4a15-9036-c756a228a46f,Tiffany,Marsh,marsh.tiffany@bailey.com,+237 6742854351,2020-09-08 09:24:40,1966-06-21,"62055 John Mall Suite 669
Matthewstad, MH 33534",Lake Timothy,Illinois
f6112ee3-9f05-4b47-9e04-391ebc07e35f,Sarah,White,white.sarah@mason.org,+237 6826933727,2021-08-12 21:22:59,1946-01-08,"8184 Jessica Camp
Johnmouth, VT 89048",Lake Tina,Minnesota
0b441391-a28f-4920-b1d5-fde8546c5cee,Evan,Castillo,castillo.evan@schneider.biz,+237 6800934775,2022-12-17 15:11:43,2002-09-14,"68844 Bradford Circles
Fowlerview, CA 53181",South Sheila,Virginia
7bf37f45-62d0-4d1d-ac6a-5e093a1a22dc,Kenneth,Baker,baker.kenneth@vasquez.com,+237 6768458331,2023-05-11 16:09:58,1982-03-14,"5027 Leslie Views
Joycefurt, NY 32440",Lake Dustinview,Georgia
1a19ebf4-50cd-4482-8738-00c11dea11ab,Nathaniel,Medina,medina.nathaniel@ramirez.com,+237 6221085010,2022-11-10 20:47:54,1961-04-01,"2548 Gonzalez Radial
Benjaminstad, OH 08677",Lake Kathychester,Alabama
17585236-8020-4de0-996d-d5891386b50b,Yvonne,Smith,smith.yvonne@shaw.net,+237 6810884244,2021-01-26 08:45:30,1962-07-25,"96658 Reed Mills Apt. 094
Theresaborough, IA 49702",Curryview,New Jersey
5696d9e3-aaf9-4fef-bde6-e802548ea285,Brandon,Thornton,thornton.brandon@mckee.info,+237 6871966904,2022-03-24 03:35:33,1975-10-26,"434 Charles Radial Apt. 685
North Luis, AL 79625",Williamsland,Alabama
ad2020eb-b468-4737-806d-ef23bdc0f959,Patty,Wilcox,wilcox.patty@bowen-soto.com,+237 6783555326,2022-10-27 06:31:49,1981-12-31,"067 Sherman Cliff
New Veronicaland, RI 85945",South Melissaside,Nebraska
e5e17054-81c0-463e-8ef3-cb9738f22036,Jamie,Hart,hart.jamie@young.info,+237 6550162461,2021-09-26 03:40:36,1938-01-05,"7365 Henry Knolls
New Kristinaborough, SC 18417",North Michelle,Nevada
1dda8af6-1764-4cba-86b2-2ca096c769ce,Howard,Harris,harris.howard@miller-williams.com,+237 6281719940,2024-06-09 14:11:04,1939-04-14,"4885 Green Ports
Jessicaborough, NV 62837",New Jamesborough,Maine
ada571d5-335c-475d-8f72-850038a44974,William,Vaughan,vaughan.william@williams-white.com,+237 6757231148,2021-08-07 18:57:14,1982-07-09,"4198 Brown Fields
Matthewborough, NC 65155",Stevenmouth,Washington
169b3c66-5d74-4b64-9056-b86815e6a3af,Benjamin,Leonard,leonard.benjamin@williamson-morris.com,+237 6545407546,2024-02-08 21:10:00,2006-05-02,"206 Knight Path Suite 382
Muellermouth, MT 10964",Brownfurt,Pennsylvania
f79dea47-9de3-42b2-ad1e-f55deb010bd0,Richard,Fernandez,fernandez.richard@dunn.biz,+237 6703571922,2021-09-09 06:44:53,1950-03-25,"3396 Thomas Pass
East Amy, VA 41868",West Lisachester,Pennsylvania
eda00a24-6cdd-4ea6-9d96-3d64fc8e2846,Debra,Douglas,douglas.debra@bell.com,+237 6881299209,2023-01-19 08:25:06,1988-12-31,"9500 Price Track
Port Daniel, TN 32605",Lake Edwardburgh,Utah
c06b6a92-a626-42c4-b327-cf95abbc1f78,Louis,Johnson,johnson.louis@brown-henderson.com,+237 6879436726,2021-07-11 12:13:18,1938-09-25,"PSC 2875, Box 4005
APO AA 08124",Port Kylie,North Carolina
5e104b11-f7c6-430c-876a-7b1281b4eeab,Jamie,Martin,martin.jamie@willis.com,+237 6230076735,2022-04-10 20:41:53,1982-07-16,"8396 Autumn Springs Apt. 127
Jenningston, KY 26627",East Rhonda,Alaska
f1f693b1-76cf-4bab-9778-748335668f63,Amanda,Perez,perez.amanda@wong.biz,+237 6887411952,2022-02-23 20:47:31,1991-04-27,"93655 Abbott Fort Suite 689
East Stephanie, PA 13967",New Kennethborough,Illinois
178f5b73-6409-4acc-a3f7-09a3a3628e79,Amanda,Henry,henry.amanda@dennis-garrison.org,+237 6598188660,2022-11-25 14:14:07,1964-05-13,"9015 Roberts Point
Harrisonhaven, VA 85707",West Jessicaburgh,Mississippi
33ef2dee-2194-4281-b9af-252666312df9,Howard,Washington,washington.howard@brown.com,+237 6839311290,2024-05-25 02:31:22,1982-08-13,"PSC 7066, Box 9066
APO AA 93737",Hillstad,South Dakota
1f236b41-cf6d-4c9c-bff5-d9bfd03616de,Steve,Castillo,castillo.steve@walker.net,+237 6208385019,2023-06-28 17:22:06,1961-10-28,"932 Smith Stravenue Apt. 254
South Erin, FM 77754",West Nicoletown,Mississippi
8dfa11f0-c8aa-4376-a420-58f55747eed8,Matthew,Kirk,kirk.matthew@mitchell.com,+237 6282554904,2021-07-08 12:33:42,1936-09-28,"9062 Adams Center Suite 061
Martintown, LA 64955",Hollyborough,South Dakota
1449def6-d87d-4120-94e3-ddb9aac01e8d,Michael,Hopkins,hopkins.michael@murray.biz,+237 6584870153,2021-06-10 18:58:24,1951-02-19,"USNS Mathews
FPO AP 91685",Port Denisemouth,Iowa
fc6cde6b-0f6e-47f2-a1e3-676b7ab5a8bb,Veronica,Jenkins,jenkins.veronica@stevens.com,+237 6803348369,2021-03-09 18:18:42,2000-11-17,"3285 Campbell Lock
Lisafort, WV 40777",Jostad,Iowa
4b93fae0-6a73-4dd5-8b3e-c667dcc90a83,Sierra,Martinez,martinez.sierra@lee.com,+237 6527460101,2021-09-26 15:44:34,1970-09-26,"09746 William Heights
Lake Elizabethshire, WV 84413",Port Jesseville,Idaho
aa273639-18ee-4771-9b67-5c2259497f67,Karen,Thompson,thompson.karen@lewis.info,+237 6276899196,2022-03-29 21:04:04,1938-10-26,"4555 Kevin Estate
West Patriciaton, VA 15934",New Stephaniefurt,Louisiana
d28692b5-9d46-45fd-bead-010df3cd25d2,Cory,Juarez,juarez.cory@webster.com,+237 6710748309,2023-08-25 01:41:30,1955-04-13,"4239 Freeman Rue Suite 033
Brucehaven, IA 09872",South Davidmouth,Georgia
a4fbe3a1-f7e9-43aa-95ae-f489d945f195,Luis,Higgins,higgins.luis@huang.org,+237 6755117472,2022-08-26 23:02:20,1944-10-05,"4890 Daniel Plaza Suite 574
Shanefort, NJ 57588",Susanshire,Nebraska
510801b9-9cab-4ce3-9d7f-5f22bce937b6,David,Hunter,hunter.david@david.com,+237 6532117580,2023-10-09 21:54:55,1958-10-23,"8536 Alexa Falls Apt. 589
Richardsland, DC 46631",Lake Stephen,Pennsylvania
050c6c1f-0bbd-445c-b1ce-381386c18d23,David,Humphrey,humphrey.david@harris.org,+237 6262371243,2021-02-28 08:09:26,2004-11-06,"764 Montgomery Island
South Christopherbury, MO 21916",Murphyshire,Montana
5f1f9aa6-d6dc-4e73-a90d-9e9ad49df4ce,Tyler,Ortiz,ortiz.tyler@terry.com,+237 6508930149,2020-08-17 02:17:03,1986-11-07,"655 Marissa Drives Suite 685
West Sydney, VA 96691",East David,South Carolina
af00d146-874a-441d-b116-374ac7b3d403,Carla,Mendoza,mendoza.carla@perkins.com,+237 6796352642,2022-05-05 04:44:43,1998-03-12,"8377 Jackson Cliff Apt. 025
Jasonbury, VT 31984",Lake Jason,West Virginia
7d1dd843-0e87-4920-8425-0c37954c42b8,Lauren,Rodgers,rodgers.lauren@hill.com,+237 6514819626,2022-09-06 23:24:31,1976-05-27,"1582 Rose Pass Apt. 646
Traceymouth, DC 91517",Thomasshire,Colorado
55943680-0291-4639-b37a-39879484bdf4,Stephanie,Clay,clay.stephanie@camacho.com,+237 6526496663,2023-12-10 02:49:08,1970-10-25,"6200 Denise Light
South Troyberg, ME 50061",Nolanton,Nebraska
4e28101a-e4e7-4df8-bde3-8c6b570405e9,Holly,Patterson,patterson.holly@johnson.com,+237 6787587004,2024-07-13 11:28:07,1971-07-13,"47197 Ward Drives Apt. 406
Johnton, FL 21605",Carterborough,South Dakota
804b80ed-d555-4022-a63f-9b4013b2cac6,Susan,Thomas,thomas.susan@hawkins-davis.com,+237 6777768923,2022-11-26 21:49:28,1949-07-12,"863 John Trafficway Apt. 063
North Lisa, MI 38379",Brownport,Vermont
32f362fa-73e9-4a87-b79c-95975d856954,Reginald,Davidson,davidson.reginald@juarez-cox.com,+237 6831384579,2023-04-26 04:50:24,1975-09-12,"12271 Timothy Burgs Apt. 342
Laurenfort, MS 60187",Cooperside,Massachusetts
23b144e8-7b61-432a-ba46-321fcffaf490,Harry,Jackson,jackson.harry@schmidt.com,+237 6716143013,2023-03-08 20:19:36,1981-07-29,"4991 Ellis Canyon Apt. 792
West Kathytown, SD 01055",North Davidshire,California
0d458fe4-8e09-47e3-89f2-d22aeca1f8c6,Mark,Suarez,suarez.mark@williams.org,+237 6591410728,2023-02-24 21:40:44,1935-09-04,"USS Farley
FPO AP 75671",South Davidview,Wisconsin
fa6eecc9-a6a1-44a5-9ebf-28a9799aba37,Mark,Gonzalez,gonzalez.mark@russell.com,+237 6259804534,2024-07-10 13:35:14,1999-12-26,"56364 Clark Summit Apt. 821
Norrisport, SC 11438",West Frank,North Dakota
a974b189-23bb-41a2-a0ba-7d0afa4cf2e4,Jennifer,Ingram,ingram.jennifer@perkins-ramirez.biz,+237 6241494535,2024-03-20 14:20:37,1966-06-29,"6092 Ashley Manor
East Kristenstad, MI 48114",Grayborough,Nebraska
c4f87f00-c4e7-43f0-8123-c81d288d6e46,Anthony,Little,little.anthony@green-weber.com,+237 6517110291,2023-08-29 22:29:37,1937-02-10,"7891 Thompson Loop Apt. 718
Jameshaven, FM 40661",East Cathy,Nevada
433192f4-a02c-4e23-9a55-612eafbbb831,Tyler,Johnson,johnson.tyler@moreno.com,+237 6885424022,2024-06-27 13:27:14,1954-12-06,"2828 Duncan Stravenue
Reeseville, KY 54830",New Danielburgh,Georgia
6a01b90b-bc19-4c6a-9e11-abd55bc26fbc,Teresa,White,white.teresa@munoz.com,+237 6731454942,2023-02-16 23:11:42,1996-07-09,"6207 Brooke Lodge
Fitzgeraldburgh, FL 60922",Christopherberg,California
b5412736-028f-4c0a-9547-647e6051a47f,Heather,Johnson,johnson.heather@ayers-reed.com,+237 6727835917,2020-11-19 11:11:39,1948-06-21,"6282 Davidson Turnpike
Lake Robert, WI 41649",Williamsmouth,Idaho
78c65172-cf20-47e7-bd31-5d7327e1d750,Amanda,Smith,smith.amanda@caldwell.com,+237 6538634694,2022-05-08 05:07:15,1962-02-08,"3701 Wright Motorway
Robertborough, FL 74596",Port Rachael,Vermont
80ad63d1-d13d-493c-80eb-e759279f37f5,Daniel,Zavala,zavala.daniel@wagner.info,+237 6802757829,2021-09-30 21:47:14,1944-10-14,"81676 Ronnie Centers
Debraland, AK 83611",North Ryanhaven,New Jersey
cc880199-a6e5-4eb0-a125-348d14094fae,Maria,Sandoval,sandoval.maria@black.info,+237 6883423839,2020-08-07 19:45:48,1967-07-04,"900 Bowman Shore Suite 559
Port Melissafurt, GA 78236",Charlesville,Arkansas
218f55cc-f62c-4239-ab14-95ef4e2cd999,Phillip,Camacho,camacho.phillip@clark.biz,+237 6215904392,2022-05-24 16:16:12,2004-03-09,"527 Bryant Isle Apt. 328
Lake Kennethfort, NJ 05831",North Bryanhaven,New Jersey
ef5c8cd8-aded-4d89-ac36-aababc0e9ee6,Brandi,Ballard,ballard.brandi@berry-hoffman.com,+237 6749219468,2021-04-19 03:41:48,2001-04-22,"PSC 5326, Box 7214
APO AP 93641",Lake Charles,Mississippi
30f7c609-bf69-4a90-aab4-64eef22b894d,Mary,Estrada,estrada.mary@garcia.com,+237 6562632421,2022-09-08 04:30:07,1994-07-14,"813 Jason Harbor
South Jonview, WI 64771",North Patriciashire,Montana
44ada85c-d9cd-4340-82a0-7e65b32c80f7,Brandon,Prince,prince.brandon@perez.com,+237 6297631588,2021-12-02 15:34:19,1992-10-02,"8741 Justin Gateway Suite 735
Robinsonshire, CA 94742",Padillashire,Nevada
b9ea12e1-e826-4e5b-8224-03d7a8472984,Nicole,Spears,spears.nicole@griffin-robinson.com,+237 6843327492,2021-02-27 01:47:00,1961-07-06,"962 Davis Knoll
South Jocelynberg, MD 69722",Harveychester,Massachusetts
76329c1d-b40a-4c88-9282-0ab33194399a,Catherine,Frey,frey.catherine@davis.biz,+237 6585091045,2023-10-15 22:00:23,1996-08-30,"49727 Christensen Flats Suite 059
Wilsonview, OR 87700",North Ashley,Alabama
46312be5-b0af-48bb-baf8-811d4141e56c,Jessica,Thomas,thomas.jessica@molina.com,+237 6204438226,2023-06-21 06:45:33,1982-03-20,"8292 Brandi Crest
Lake Emilyland, AR 64104",Anthonyberg,Illinois
a36d2fb6-1755-461e-9f95-0ae93296083d,Jessica,Rogers,rogers.jessica@ryan.org,+237 6763273165,2021-02-09 22:31:54,1991-06-04,"69858 Murray Court
Fischertown, VI 20524",West Jacqueline,Vermont
6b47d4ce-ca65-42b2-b643-cb39e84a073d,Kyle,Mcpherson,mcpherson.kyle@wright.com,+237 6799944972,2023-04-06 05:30:31,2003-10-05,"5043 Nicholas Grove
Lorichester, SD 16784",Petersonstad,Wisconsin
f59c8382-9953-45d8-982b-53e6291528af,Alyssa,Moore,moore.alyssa@lopez.com,+237 6848694790,2023-03-07 06:33:43,1979-04-16,"24693 William Grove Apt. 030
Levinebury, DC 81419",Garyshire,Oklahoma
85807ede-1f1b-4f15-841c-9f934bba5e05,Barbara,Taylor,taylor.barbara@walker.biz,+237 6538855458,2020-12-04 12:15:32,1986-10-14,"241 Powell Way
Lake Jennifershire, TX 98699",Meganstad,Utah
ab933591-f3bf-413e-9ff4-397e0e112917,Christina,Woods,woods.christina@williams-ford.biz,+237 6244277151,2023-01-09 09:44:24,1952-04-20,"53534 Bennett Canyon Apt. 979
Williamborough, PA 52266",Tiffanyburgh,Wisconsin
043d05be-dcbd-4fd4-8417-c695f03675ec,Carla,Brown,brown.carla@hall-johnson.com,+237 6737510899,2022-11-20 01:48:08,1939-07-13,"4535 Glover Rue
North Joyce, NV 65922",Herrerabury,Maryland
aaace33c-6a4c-4786-8838-0c7a3cf5cff2,Robert,Hall,hall.robert@davis.com,+237 6812803128,2023-09-07 21:20:02,2005-02-01,"229 Lisa Vista
Parrishview, SC 96230",Williamschester,South Dakota
fdbf1828-f0f8-4c57-a847-cf703aeb1b74,Ann,Schultz,schultz.ann@allison.biz,+237 6709183683,2022-12-27 02:21:22,1945-10-24,"7363 Michelle Curve
Yodermouth, NY 52448",South Roberto,Mississippi
ab551fd5-cc16-468a-85dd-ebedcad720d4,Gary,Nichols,nichols.gary@crosby-thompson.biz,+237 6509722238,2021-02-11 05:25:56,1948-11-01,"225 Montgomery Meadow
Theresatown, CT 99731",Masonton,Utah
1d36d4d4-592c-4b2d-9f67-ff194c8a3bb6,John,Williams,williams.john@edwards.biz,+237 6801532270,2021-07-02 15:38:51,1943-05-05,"49908 Paul Drives
Matthewland, IL 81609",Jonesside,Oregon
59162751-e04b-46d4-98ba-fb2d242eb02f,Keith,Warner,warner.keith@randolph.org,+237 6220092240,2023-03-20 10:08:35,1978-09-27,"86150 Angela Crossing
South Jessica, MA 97356",Port Donaldborough,Oregon
04ade9ea-661f-480a-9c0a-e6cc2845fea1,Charles,Green,green.charles@weber.com,+237 6872398719,2021-07-09 08:24:45,1950-08-13,"844 Patricia Curve
Danielhaven, TN 87309",North Heidichester,Tennessee
a39bd249-895a-4889-a359-20e58e1d3dbf,Monica,Greene,greene.monica@davis-nelson.com,+237 6716296143,2024-06-28 09:46:19,1961-04-19,"87712 Eddie Vista
East Christine, TN 45714",Teresabury,Illinois
9a596419-df9d-41bc-857a-23478d650489,Theodore,Taylor,taylor.theodore@hall.com,+237 6289574506,2024-06-05 22:30:59,1963-04-01,"11357 David Shoals
Karenview, ME 83570",Colemanmouth,Louisiana
8cdddf5a-97c3-4e3f-bd9f-b2c9229a2ab2,Jennifer,Fitzgerald,fitzgerald.jennifer@rivera.biz,+237 6713737135,2024-04-04 20:48:28,1958-12-03,"079 Park Ports
Lake Daisyland, ND 32658",Kimberlybury,South Carolina
40df4887-a2bb-43a0-8d50-a91c1b83b25a,Laura,Garcia,garcia.laura@martinez-howard.net,+237 6546133200,2023-07-28 20:36:36,1988-01-05,"460 Nicole Prairie Apt. 900
Lopezberg, MT 48979",Welchton,Tennessee
ae9707d6-a290-4689-93c5-2d0ffba1d7bf,Michael,Flores,flores.michael@wilson.org,+237 6845950570,2021-10-01 21:08:34,1998-06-14,"602 Peters Street
Port Amyfurt, WI 03492",Samuelmouth,Kansas
971baf7c-505b-4600-bccf-6fca28f1d755,Pamela,Morgan,morgan.pamela@clark.com,+237 6812383512,2023-02-26 06:43:29,1937-02-28,"948 Lauren Corners Apt. 080
Alexanderburgh, NC 31988",North Lindsey,Kentucky
81381ba2-4a99-4e21-beef-f784bd0e4ed7,Beth,Taylor,taylor.beth@williams.com,+237 6284022544,2020-12-28 12:51:18,1950-10-29,"70158 Thompson Union Apt. 723
West Georgemouth, IL 68633",Michaelchester,Delaware
d5ce295e-2ee4-4e81-8fda-38005cd30cef,Samantha,Thompson,thompson.samantha@king.net,+237 6272683724,2022-01-29 16:06:59,1995-08-05,"9690 Deborah Dale
Cynthiabury, DC 17786",New Michaelfurt,Utah
8f1e4418-fb36-46dc-b379-ed41a1ad648b,Sherry,Barnett,barnett.sherry@spencer.com,+237 6298128739,2021-03-23 22:53:45,1988-04-28,"404 Mitchell Cliffs Apt. 834
Wolfefurt, MS 73012",Douglasburgh,Mississippi
5465058e-8b03-4d34-b63a-d7e63c40b66e,Emily,Nguyen,nguyen.emily@daniel-mullins.com,+237 6772960261,2022-03-14 12:10:20,1994-10-20,"88694 Collins Fork
North Alexandra, FM 99104",New Brianshire,Washington
08bfd2b2-62c7-4a92-9657-eec674c6cbc2,Lisa,Barber,barber.lisa@whitehead-brown.com,+237 6813264913,2023-03-19 02:45:51,1936-02-14,"1846 Meagan Lakes Suite 000
Debbieland, MN 43214",South Joseph,Alabama
2cfeb8cc-bc62-44a2-8cf5-09781e78ba2c,Nicole,Oconnell,oconnell.nicole@simpson-adams.biz,+237 6877317765,2022-05-04 16:18:03,1971-12-26,"74434 Hughes Falls Suite 278
New Jerry, FM 37096",Powersland,Michigan
2c537a7a-eaa0-48ab-92c9-d5f3958738a1,Anthony,Swanson,swanson.anthony@palmer.com,+237 6239172880,2022-04-08 09:35:23,1965-10-13,"10156 Henry Divide Apt. 601
East Ianstad, AK 45187",West Michaeltown,Ohio
3c6c5a0f-baa3-41fd-afdc-221732257f1d,Pamela,Austin,austin.pamela@pace.com,+237 6289631981,2023-11-05 05:35:06,1968-08-17,"8749 Rogers Wells
East James, TN 10508",Lake Toddmouth,Kansas
1295b59a-43f1-4e11-952b-14c803054322,Melissa,Wells,wells.melissa@smith.biz,+237 6269233965,2022-02-20 23:54:44,1953-09-03,"730 Troy Coves Apt. 224
Garciahaven, OK 47940",New Carlville,Tennessee
826a1abd-aba0-4da3-aee4-b3f908a3d44d,Andrew,Richards,richards.andrew@forbes-kim.com,+237 6791831560,2023-05-06 19:39:49,1965-04-09,"1271 Roy Street Suite 084
New Brianna, AK 70151",West Markton,Missouri
d648dfeb-cc7a-4534-94db-32469a3397ed,Brittany,Kelly,kelly.brittany@jones.com,+237 6575535696,2021-03-08 14:30:19,1949-11-30,"0141 Shelby Via
Jamesville, KS 47485",Christopherberg,Virginia
6e6b79f9-a2bc-424e-b707-985af49c0b03,Darren,Schmidt,schmidt.darren@wiley.org,+237 6835231631,2022-07-18 16:10:10,1935-01-01,"510 Romero Mountain
Kathymouth, IL 51181",Harrisfort,New York
111b3057-86c8-4d88-b089-d038a1763a88,Andrew,Gutierrez,gutierrez.andrew@spencer.com,+237 6523547516,2022-11-24 03:00:19,1966-12-20,"254 Carter Turnpike Apt. 967
East Jennifer, FL 81337",Lake Joshuaton,Kansas
bcd8a9eb-f11b-4137-915f-5dc66f212dc5,Robert,Brewer,brewer.robert@yates.com,+237 6225107490,2023-01-01 23:10:32,1933-08-30,"852 Carter Extensions Suite 650
South Alexanderton, MI 45980",Kennedyville,Alabama
7aa7f332-30c6-48d6-934f-a6df4e5c77db,Dennis,Green,green.dennis@carroll.com,+237 6856771415,2024-01-24 01:07:23,2001-01-31,"696 Brian Coves Apt. 647
East Kenneth, MT 87594",North Patriciaport,New Hampshire
b1681ad1-a6c0-4898-beaa-1865a047624c,Ashley,King,king.ashley@romero.com,+237 6856182297,2022-03-04 01:10:09,1956-04-29,"313 Andrews Unions
East Kelseymouth, MT 29917",West Theresa,Utah
d61dc055-d0a5-4bf1-8155-5d389a29074a,Jerry,Carlson,carlson.jerry@chapman.com,+237 6542761086,2023-01-28 01:21:28,1995-05-14,"8966 Crystal Skyway
South Stuart, ND 16360",Singletonshire,Washington
f6ece3c1-9a8e-493b-8569-352a0250fc2f,William,Carroll,carroll.william@gibbs.com,+237 6589745581,2020-09-16 12:54:54,1946-07-24,"401 Angelica Bridge
Fergusonburgh, ND 05819",Kimside,Virginia
82146238-bf16-410c-ba38-f37e58db9e43,Melanie,Gentry,gentry.melanie@knight.net,+237 6856930711,2022-02-16 00:33:36,1970-10-20,"USCGC Hoffman
FPO AP 84288",South Leslie,Hawaii
55b7c729-b095-4329-935d-0a9e2efffcec,Miranda,Briggs,briggs.miranda@ford.com,+237 6775231075,2023-10-10 15:16:53,2002-12-05,"74781 Connie Corners
South Kaylabury, MS 76705",Evanshaven,Massachusetts
755a412f-214b-491f-906e-0c0237f4f7c3,Christopher,Mullen,mullen.christopher@jenkins.com,+237 6504674935,2022-11-18 08:03:34,1983-05-18,"PSC 1504, Box 9841
APO AP 59081",Sharpborough,Massachusetts
2eb64cb9-1a2a-4cc2-a6c8-a5e740d5d88c,Thomas,Mills,mills.thomas@cortez.org,+237 6287643331,2023-05-15 09:32:33,1995-03-31,"06206 Johnson Island Apt. 655
Riversstad, AS 87137",Hineshaven,New York
333a3e11-33dd-4f62-93de-2e6fc0d856e7,Leah,Smith,smith.leah@moore.net,+237 6255082305,2021-05-12 04:07:31,1936-06-14,"37492 Kaitlyn Stravenue Suite 860
Masonberg, IN 24789",West Melissaville,Rhode Island
4304a851-1735-4136-9223-b4970eced177,Belinda,Roberts,roberts.belinda@wilson.com,+237 6254717974,2021-03-23 20:35:48,1970-11-14,"USNS Phillips
FPO AA 32744",East Janice,Kansas
c87c11d0-666e-4ced-a817-761133c786db,Laura,Wilson,wilson.laura@anderson-young.com,+237 6796977043,2024-06-23 00:09:39,1936-10-01,"370 Smith Mountain Apt. 136
Tammytown, FL 98841",West Sarahtown,Iowa
edc38336-a29e-4dd4-b977-87b5c5aaafca,Ryan,Holloway,holloway.ryan@bailey-davis.net,+237 6289316966,2021-11-06 10:23:14,1984-07-11,"002 Lopez Trafficway
Kathystad, OK 39809",Daniellestad,Utah
2e33b513-a638-46da-8d7e-33ccdb14393f,Joshua,Navarro,navarro.joshua@wright.org,+237 6805917498,2024-02-02 04:54:11,1940-10-18,"1697 King Rapids
Georgeborough, TX 79142",East Franktown,Hawaii
881b12e8-9a80-49d3-8d0c-0bfa28a95b42,Eduardo,Mcbride,mcbride.eduardo@rodriguez.biz,+237 6271537087,2021-09-30 09:55:44,1990-12-30,"18768 Melissa Cliff Suite 403
North Christine, MH 15920",Robertville,Kentucky
40782ef9-b1d8-4c93-adeb-282bd54d60e0,Julian,Esparza,esparza.julian@chapman-ritter.com,+237 6848904483,2020-10-03 13:48:36,2000-09-07,"03134 Timothy Mountain
South Gracemouth, VT 36182",Webstershire,Florida
1600167d-6439-426f-9bc8-8aced9244fef,Taylor,Stephens,stephens.taylor@shepard.com,+237 6838719214,2023-04-26 13:12:40,1941-12-07,"USCGC Wilson
FPO AE 31413",Scottside,Louisiana
a8dae573-a8f1-4153-91bf-4e0a75245e50,Jessica,Ramos,ramos.jessica@russell-castro.com,+237 6784738632,2023-06-02 01:42:20,1962-11-02,"8072 Dalton Flat Apt. 601
North Amychester, CO 38656",Port Tinahaven,South Dakota
9b768434-4bb9-4423-acee-e1de40aae228,Eric,Henderson,henderson.eric@rasmussen-murphy.com,+237 6759349334,2023-03-27 21:48:57,2005-10-15,"68056 Brandon Via Suite 957
Ninaborough, DC 70362",Lewisbury,Kentucky
acc0637e-73f1-4f74-8efe-f5f29a39ace6,Kathy,Williams,williams.kathy@garner.com,+237 6868451005,2023-11-29 04:10:59,1943-11-09,"PSC 2941, Box 8419
APO AE 83023",Susanville,Louisiana
ae51fb89-b090-4703-9b97-0e5aff8cd369,Ronald,Garcia,garcia.ronald@owens-smith.org,+237 6723036809,2023-12-23 19:00:17,1934-06-17,"827 Hart Terrace Apt. 685
Randallmouth, IL 46584",Amystad,Arkansas
2196b0b4-b8ce-4069-90c4-cbdef0ac9a84,Patricia,Jones,jones.patricia@moses.biz,+237 6505970036,2023-04-24 09:32:00,1982-06-22,"963 Garza Forges Apt. 339
East Kristi, NY 76585",Dakotaborough,Wisconsin
1875b107-28b6-4b24-a9a7-6522c5f89e1a,Chelsey,Long,long.chelsey@cohen.com,+237 6724917144,2022-05-24 23:22:16,1967-12-22,"9364 Ramirez Summit Suite 067
Shepardmouth, GU 70617",Stevenville,Nebraska
37d54f92-6157-4fcc-b364-0a0fa3da1b2e,Roy,Hines,hines.roy@garcia.org,+237 6232581538,2023-12-08 12:30:57,1964-05-25,"USNV Tucker
FPO AP 17999",West Jenniferhaven,Nevada
d3a7a71f-fdf3-4185-acbb-35fc23a47934,Dennis,Nguyen,nguyen.dennis@armstrong-delgado.com,+237 6501034662,2022-04-10 05:44:27,1983-03-20,"2363 Morton Center
Port Christinefort, LA 12762",Lake Jessica,Pennsylvania
a632a340-cea6-4233-876a-2df735288cc5,Chad,Rice,rice.chad@lopez.com,+237 6588120161,2023-03-14 21:46:00,1938-11-07,"PSC 2852, Box 0770
APO AA 87681",East Michaelview,Connecticut
cc75175c-4551-4246-a314-1baf898e1705,Phillip,Wright,wright.phillip@harper.com,+237 6749683678,2021-02-13 10:34:26,1967-07-15,"5953 Alyssa Freeway
North Juanchester, MP 95300",Nathanieltown,Wyoming
1fa388fa-47b2-4e98-b0c3-4b4ed9a97d29,Sarah,Phelps,phelps.sarah@butler.com,+237 6592252756,2024-07-17 11:17:57,1992-03-04,"74686 Pham Common Suite 397
Coleburgh, IL 14769",Jamesburgh,Kansas
f77c79ce-ddf0-4686-9f35-fad21c0dba96,David,Carlson,carlson.david@salazar.com,+237 6554588996,2024-02-19 12:45:25,1965-05-01,"Unit 5461 Box 0158
DPO AP 38626",East Brandonshire,Kansas
87c40d78-34f3-4d0e-9df7-5fca684780ad,Nicholas,Shaw,shaw.nicholas@davis.com,+237 6268102826,2024-02-20 16:55:40,1971-10-25,"7593 Luna Square
Port Mary, MP 94598",North Colleenside,Wyoming
d72cfabf-0407-4c98-9b26-8c1babbf25dd,Denise,Anderson,anderson.denise@miller-hernandez.com,+237 6595714178,2020-12-06 02:57:51,1980-04-10,"489 Vega Orchard
New Nicholaston, GA 58573",East Sonya,South Dakota
0409b339-1e78-4fff-8746-69092b0eca7a,Michael,Reeves,reeves.michael@wright.biz,+237 6531337328,2023-09-05 22:51:52,1939-10-27,"0862 Jenna Cape
Sanchezberg, NV 24874",Natashaton,Tennessee
64b00f31-111b-4ad7-85d5-a2bc68c990dc,Angel,Newman,newman.angel@charles-gonzalez.com,+237 6789858533,2024-03-03 07:55:05,1963-03-03,"819 Justin Oval
South Keithville, CO 41873",Lake Codyborough,Arkansas
147f8a57-2436-4ca2-9196-81ca7385f58f,Patricia,Gardner,gardner.patricia@larsen.com,+237 6786439633,2022-03-28 18:16:16,1979-12-08,"9898 Hines Trafficway Suite 704
West Lucasview, MA 88434",Miguelfort,Texas
d1b0682b-e9b9-419c-aa79-58c46b887316,Ashley,Kim,kim.ashley@hill-king.com,+237 6560204839,2022-08-27 13:03:28,2001-07-20,"0945 Nunez Extension
Mariaside, NM 45445",Sheilamouth,Utah
6a31a687-c7b4-46a9-8b3f-1a08d99a5f9b,Jill,Garcia,garcia.jill@vega-warren.info,+237 6292678748,2021-12-15 02:38:22,1982-06-10,"7954 Holland Points
South Reneetown, AS 47997",Port Tamaraside,Nebraska
40f1f317-cffe-45ef-a99f-a162e2f87229,Pamela,Marks,marks.pamela@lee-patel.com,+237 6203196364,2022-03-12 20:47:19,1975-08-22,"Unit 5377 Box 4997
DPO AE 91838",Stonebury,Oregon
eeb1a723-2de3-4452-9e77-ae5199f653cc,Renee,Vaughn,vaughn.renee@valdez-luna.com,+237 6849433225,2023-07-25 10:52:18,1948-01-31,"45464 Brittany Shoals
South Joseph, DE 33879",Riveraland,Mississippi
da230f62-cdd6-4a11-b8ff-ca44cda1dbde,Jacob,Wood,wood.jacob@bryant-franklin.com,+237 6806673237,2021-08-13 14:38:48,1981-06-16,"64900 Davis Plain Suite 736
Lisaport, CA 37851",Debrabury,Nebraska
024fc6c3-de69-4d22-8d48-87590e6141a2,Nicholas,Nicholson,nicholson.nicholas@reeves-marshall.org,+237 6856881017,2022-10-09 21:16:01,1998-06-24,"846 Howell Island
South Jasmine, VI 31396",Port Michaeltown,Maine
568a6694-e770-48ea-b598-5103c3c6415b,Lori,Price,price.lori@griffith-cooper.com,+237 6841767877,2022-05-11 13:20:33,1970-04-03,"0742 Caitlin Streets
Lake Crystal, DE 03689",Medinamouth,Texas
79f7c2e0-cf57-42b7-9615-8b1d5565b26c,Nicholas,Davis,davis.nicholas@davis.com,+237 6266258645,2023-12-06 06:45:15,1960-09-16,"4722 Martin Glen
Port Deanchester, NE 44964",Lake Patriciaport,Wyoming
3fd5954f-e7b7-4f5a-abdc-7b24d681c200,Jermaine,Rivera,rivera.jermaine@white.biz,+237 6598611743,2024-02-11 12:44:17,2006-03-12,"6000 Coleman Club
Lake Andrewport, UT 34870",Lisaside,Virginia
7fa09833-f753-43fb-8a97-328c82741c43,Patrick,Garcia,garcia.patrick@arellano.net,+237 6888921684,2021-05-05 06:27:43,1961-12-31,"870 Francis Glens
Melissafurt, VA 17621",Lake George,New Jersey
62cddb77-af66-4bf2-a9e7-47d8f7b0e97f,Ashley,Benson,benson.ashley@sweeney.com,+237 6790763308,2020-12-28 05:03:09,2006-10-14,"963 James Corner
North Frankburgh, SC 23425",Katiefurt,Michigan
34447d8d-9bca-4b06-aa69-02ecc02efb7d,Andrew,Vasquez,vasquez.andrew@key.com,+237 6714281264,2021-11-20 23:25:20,1988-04-12,"18453 Jeffrey Tunnel
Eatonport, WI 40900",South Eddie,New Mexico
e95f2719-9a94-484a-820c-ac4b94e75f80,Traci,Cook,cook.traci@hawkins.com,+237 6761562156,2023-06-06 05:27:26,1965-07-19,"32990 Ann Estates
Michaelton, KY 93804",Port Steven,Iowa
d0f59a25-f9ff-4f3f-a11f-800cdef2de77,Kurt,Gray,gray.kurt@hartman.org,+237 6525121205,2023-11-29 04:02:44,1984-02-10,"9575 Lane Hills Suite 247
Jacobside, NY 68379",Annetteport,North Dakota
1961008c-f5a1-4b85-9084-bf06dc6419e5,James,Horne,horne.james@mcdowell.com,+237 6250466018,2021-11-20 23:03:07,1979-10-01,"983 Salazar Drive Apt. 555
Toddmouth, NH 98818",Bryanborough,Rhode Island
c5bfbad8-a28a-41a8-89ff-f22d7563cc18,Heidi,Zamora,zamora.heidi@meyer-gonzalez.org,+237 6770939572,2023-07-12 18:23:04,2005-05-18,"5431 Williams Locks Apt. 077
Patriciatown, PR 53918",South Matthew,Georgia
dbbdf846-0074-404c-9ace-6a04430a5aae,Chase,Downs,downs.chase@willis.net,+237 6597722653,2021-12-08 13:48:40,1957-10-07,"USNS Carr
FPO AA 93242",New Danashire,Wyoming
46ee4785-1b1b-446b-9097-2568407adb11,Felicia,Mcconnell,mcconnell.felicia@brewer-cruz.com,+237 6512762144,2023-02-21 17:25:13,2002-12-01,"793 Ray Lane
New Allison, MH 02425",West Stevenborough,Pennsylvania
68128391-c1a4-4a4f-a45f-81d036458494,Jeanette,Young,young.jeanette@zuniga.info,+237 6822032833,2022-05-26 08:50:45,2000-02-09,"6321 West Island
Angelaland, GA 64186",New Samantha,Illinois
3619026c-17f7-40f5-b9a3-677b9f5df05b,Jonathan,Hubbard,hubbard.jonathan@jones-cuevas.com,+237 6826476882,2023-07-17 19:22:57,2003-01-26,"51713 John Ford
West Elizabethstad, VA 07176",Blackwellport,Louisiana
92d6206a-ab7c-4e45-a029-a09e5db2a7ed,Robert,Clark,clark.robert@torres.com,+237 6859093522,2022-06-02 11:54:07,1963-05-17,"17559 Thomas Cliffs Apt. 647
Port Cody, GU 12194",Brownmouth,New Hampshire
3f5ebd4d-c6a3-4946-8e27-c8765737a55d,Brenda,Jones,jones.brenda@byrd-orozco.com,+237 6243658629,2022-05-07 08:00:39,1998-03-04,"25923 Donna Brook Apt. 257
Hernandezshire, ND 67193",Blairchester,Mississippi
300bc734-fddc-434d-bd6e-42a6aa70cf0c,Ashley,Moore,moore.ashley@young.com,+237 6274161047,2021-09-18 19:33:02,1970-04-07,"49151 Hopkins Fords
Michelefurt, MA 59877",Davidfort,South Carolina
d54c858c-1879-421a-993e-b5fa472cbe2d,Aaron,Adams,adams.aaron@cox.com,+237 6730799517,2023-05-31 16:35:27,1974-05-13,"4779 David Forest
New Kimberly, PR 75239",Williamston,Maryland
564e8d9e-a987-4236-9841-03aa6617aed1,Michael,Bryan,bryan.michael@wilson-carter.info,+237 6587316433,2024-03-15 10:41:42,1966-01-15,"6267 Sawyer Knolls Apt. 353
South Caroline, MI 50130",West Juliaton,Iowa
c8f97cf9-39de-4c19-88dc-6aeb81626cf1,Rebecca,Travis,travis.rebecca@white.org,+237 6509674092,2022-08-30 01:33:05,1992-04-25,"77520 Buckley Inlet Suite 196
Seanbury, GU 21092",Port Ellen,Hawaii
fcddd097-2b2e-4d4b-ae2d-ba47f27f99eb,Christina,Reid,reid.christina@trevino-ward.com,+237 6561447169,2021-12-04 17:15:02,1974-03-31,"134 White Cape Apt. 900
Lake Joycechester, GU 68219",Schaeferstad,Hawaii
59131901-ea24-41e8-b0ce-1eeda4543325,Paul,Hoover,hoover.paul@barker.info,+237 6849149595,2020-09-18 04:03:40,1993-06-05,"31831 Price Square Apt. 000
North Danaborough, MA 66498",West Jamieberg,Iowa
0f8fa9f5-7695-4d37-b465-ea58c4490c7d,Anne,Woods,woods.anne@thompson.com,+237 6755323570,2023-02-17 05:30:07,1956-11-03,"4733 Anthony Causeway
Garciafurt, PA 64986",Loriton,Illinois
e7a194e3-9c57-48a1-a91e-c051f11d1d53,Joshua,Olsen,olsen.joshua@huerta.info,+237 6745455837,2022-01-08 22:10:31,1974-02-05,"1317 Simmons Crossroad Apt. 811
Wrightland, SD 42611",East Sarah,Arkansas
c0da712b-e8d9-43d9-9726-c6153d3e0041,Anita,Shah,shah.anita@baker.com,+237 6859720772,2021-07-26 21:42:50,1998-05-12,"PSC 6995, Box 8828
APO AA 29859",Kellyville,Wyoming
e1b85512-949d-438b-95d2-985fa199b92a,Michael,Mclaughlin,mclaughlin.michael@savage-crawford.com,+237 6736513136,2024-01-28 21:09:23,1938-08-26,"1314 Ross Station
East Mollyfort, HI 42644",North Curtisborough,Connecticut
924124c4-9feb-4d33-9825-a4554ca1423a,Stephanie,Rice,rice.stephanie@pham.com,+237 6247827666,2022-01-03 04:22:24,1949-06-19,"036 William Mountains Apt. 875
Chavezport, OR 03633",South Donaldview,South Dakota
f1d1e139-328e-4058-afb4-4dce224ec960,Theresa,Krueger,krueger.theresa@hernandez-ramirez.com,+237 6575743653,2022-04-29 15:24:30,1993-08-31,"032 Castillo Brook
Nguyenchester, SC 71208",Caseyside,North Dakota
9bd3b01a-6b9b-4914-9427-717d604c95db,Amber,Rivera,rivera.amber@benson.com,+237 6846859239,2021-10-05 02:23:21,2000-10-01,"8139 Green Cape Suite 104
North Gregoryborough, DE 51483",North Kevin,Delaware
bd2f0d03-ef18-4899-bf7e-2f0baa505e4c,Courtney,Silva,silva.courtney@walsh.com,+237 6271250115,2023-03-02 09:41:13,1984-10-14,"018 Reyes Rue Apt. 810
North Markmouth, AK 57167",East Jaredchester,Massachusetts
d52a1492-f584-445c-ab0a-a10bf51cab61,Amy,Bowman,bowman.amy@dixon.com,+237 6545664102,2022-06-03 23:21:17,1975-11-19,"9066 Collins Orchard
Port Andrewville, RI 58269",New Ronald,Arkansas
48381837-4cc7-49f9-9ca3-c8eb68e84d5b,Zachary,Hernandez,hernandez.zachary@duncan.com,+237 6529186760,2021-07-19 19:39:39,1934-11-17,"93580 Melissa Glens
North Michelehaven, PA 65105",West Jonathanberg,Iowa
8512941c-f42d-4d0b-9c76-e918c5a14505,Terri,Campbell,campbell.terri@williams.net,+237 6743412154,2022-12-04 16:36:18,1960-06-25,"6646 Mccoy Loop
Deniseberg, MS 72228",Karenmouth,New Hampshire
d2f83a91-488f-48eb-8bf0-880d80be3470,Katherine,Walker,walker.katherine@dean.com,+237 6834989378,2023-01-23 05:03:14,1964-12-02,"USNV David
FPO AE 48554",West Duane,California
7fa1ea32-a9f4-4469-b93e-41207cb7f3cb,Stephanie,Johnson,johnson.stephanie@thomas-vasquez.com,+237 6539128343,2023-12-20 11:35:55,1955-09-08,"92350 Alvarez Forest
New Zacharyshire, NY 21644",New Amberstad,Indiana
6fa5a9c6-ead0-4bdb-b37a-714f951599b3,Douglas,Thomas,thomas.douglas@gibbs.com,+237 6562009531,2024-05-13 12:41:57,1940-06-24,"1415 Sue Ridges Suite 675
Watersstad, MD 54505",Jackberg,Missouri
e8f89700-7436-4b42-a8bd-2a6495cf8260,Christopher,Blankenship,blankenship.christopher@murphy-davis.com,+237 6869303539,2021-04-18 06:36:49,1991-05-09,"3847 Cruz Brook
Clarkborough, SC 97607",Brianmouth,Oklahoma
64dd5ff1-1e0c-49f5-b728-9f06b6aef624,Trevor,Jones,jones.trevor@rodriguez.org,+237 6544022232,2023-12-30 08:18:31,1984-12-01,"6191 Michele Via
Woodtown, HI 69919",Lake Juliastad,Kansas
c478e23e-6b33-4188-9323-ccf042064275,Susan,Allen,allen.susan@wilson.net,+237 6557943633,2020-10-09 12:14:19,1946-11-26,"4804 Kramer Ramp
Brownport, TX 66427",Gardnerborough,Maine
3cba6006-83d6-42d7-b851-e3ceb165e03e,Michael,Erickson,erickson.michael@johnson.com,+237 6792272621,2024-06-21 22:38:45,1997-03-09,"927 Austin Forks
East Mathew, GA 65625",South Markshire,Tennessee
69e40174-cb7c-4de6-bc7b-1d1ac47735eb,Brian,Patterson,patterson.brian@townsend-shelton.com,+237 6767511656,2023-08-09 13:46:14,1967-09-14,"046 Perkins Isle Suite 963
East Kevin, HI 25836",South Austin,Alaska
ed409891-47b7-4567-bb7b-ecffe3840d5e,Cory,Hebert,hebert.cory@miller.com,+237 6854105149,2022-09-19 12:14:32,1986-08-19,"86649 Christopher Courts
Hernandezview, NM 81211",Dwaynestad,Wyoming
c2337e62-bbf6-42ca-8372-b3c6059234e7,Kenneth,Banks,banks.kenneth@simpson.info,+237 6549778710,2020-10-01 07:24:31,1949-12-17,"37292 Kyle Viaduct
North Desireechester, AL 54765",Warnerburgh,Minnesota
8a63cf92-934f-483d-8c20-326f85b5784d,Cesar,Crawford,crawford.cesar@williams.net,+237 6259705986,2022-02-24 22:24:35,1936-11-05,"14005 Gregory Crescent
Davidshire, NY 39717",Dustintown,Wisconsin
ca23b94c-a92f-4899-9cbb-068da20fd70a,Christian,Allen,allen.christian@coleman.com,+237 6839560085,2023-11-17 13:40:33,1994-11-18,"62566 William Knoll Suite 593
North Jorgeville, MH 14403",East Rachelburgh,Illinois
b6e30142-2964-4703-845e-e3712439b09a,William,Wright,wright.william@schmidt-melton.com,+237 6709635027,2021-12-08 07:27:47,1978-08-11,"26445 Bell Circles Suite 847
Churchhaven, CT 65404",Kelleyberg,Nevada
5efb2470-35e8-4c18-8a91-b4aa19a58df6,Kelly,Maynard,maynard.kelly@conner-middleton.com,+237 6269972665,2024-06-20 08:06:22,1936-08-18,"0840 Baker Valley Suite 931
Tammiechester, LA 41488",West Alanland,Washington
1a2b32c7-1246-45b5-82ce-33849c9d333d,Evelyn,Stevenson,stevenson.evelyn@murphy-lopez.com,+237 6891944568,2021-04-13 02:41:56,1957-03-12,"751 Stephanie Fields Suite 662
South Davidport, KY 43194",Annabury,Illinois
03c752fd-5a9a-44e3-9bbc-0bfd25b1fd89,Ana,Hanson,hanson.ana@flores.com,+237 6593570183,2023-01-02 11:27:31,1935-02-24,"023 Evans Mountain Suite 196
Douglasfort, WI 75250",Anthonyport,New Jersey
4766b8f1-a305-481d-aa51-c8425d48391b,Justin,Horne,horne.justin@raymond-reynolds.net,+237 6770196006,2022-05-10 17:44:06,2004-07-23,"979 Collier Ports
Shermanland, MP 82351",Blackwellfort,South Carolina
df856e03-6609-4aeb-9d3b-a31aab8ac47a,Adrienne,Rhodes,rhodes.adrienne@gonzales.biz,+237 6209168970,2022-10-23 13:28:56,1998-10-15,"990 Terri Mews Apt. 893
Jessicaton, OK 37321",Scottfort,Missouri
8823bb19-6c26-4179-bbb6-643ac83d0032,Phyllis,Coleman,coleman.phyllis@hoffman.org,+237 6814701205,2023-02-25 01:40:04,1957-01-18,"12881 Robert Ranch Suite 099
Dixonbury, ND 85626",Port Lukeville,Montana
6d0fba08-034b-4a02-b1f0-6e735d798c46,Tammy,Walters,walters.tammy@taylor-hardy.com,+237 6858393291,2023-06-10 19:24:16,1937-11-17,"317 Tonya Keys
Michaelside, OK 50302",West Jose,North Dakota
126a3b17-a627-4934-ad19-997ce1258fbc,Tiffany,Hayden,hayden.tiffany@beltran.com,+237 6590902516,2022-05-27 10:01:10,1958-09-19,"5084 Amanda Meadows
Kaylafort, AS 28048",Courtneybury,Louisiana
7d319a79-b9bc-4b8d-ba8d-4bffe0917697,Linda,Church,church.linda@clements.com,+237 6872737482,2021-05-12 15:27:42,1956-04-20,"81083 Katelyn Mews
Evansville, VT 01263",North Vanessaland,Wisconsin
1e1cf311-85b2-4f22-bd54-409f7798c4bb,Elizabeth,David,david.elizabeth@morton.com,+237 6216492801,2023-07-23 22:40:39,1973-07-25,"3502 Little Vista
Shawnfurt, NY 69627",East Samuel,Virginia
6b4a7711-5f55-4e92-bdef-1882cedc668b,Lindsey,Edwards,edwards.lindsey@young-french.com,+237 6551570083,2022-02-24 17:59:12,1967-06-15,"3980 Melissa Park
Lake Diane, OK 60424",West Melissa,Maryland
0a8a0bb7-cd6d-4a60-895f-27677431d153,Jennifer,Shannon,shannon.jennifer@obrien-little.biz,+237 6209659031,2021-03-12 14:10:17,1964-06-01,"Unit 0786 Box 7465
DPO AP 46342",Marytown,Iowa
a5d7c33a-8408-4f77-be98-d797a47a29a8,Jaime,Soto,soto.jaime@moody.info,+237 6790871096,2023-07-31 23:47:19,1973-07-01,"9566 Anderson Route Apt. 092
Maureenhaven, WI 61574",Lake Kristinmouth,Iowa
226b2ede-e292-4a7f-870e-2c3bfd8eb3fe,David,Nguyen,nguyen.david@craig.org,+237 6701700071,2022-04-22 04:10:01,1933-10-17,"483 Juan Knolls
Port Andrew, GA 86738",Jillianborough,Montana
725f4c96-0041-41e8-8b0a-504328e3db6e,Matthew,Anderson,anderson.matthew@hammond-gross.info,+237 6859753004,2021-04-16 09:20:45,1954-12-30,"771 Sullivan Circle
Mcleanport, NH 86806",West Nicole,Arkansas
bb42ab79-ce2a-47d0-8bd3-23f049cd67d7,Joseph,Valenzuela,valenzuela.joseph@wheeler-wood.com,+237 6256611687,2021-12-13 18:22:03,1970-09-04,"592 Caitlyn Branch
Lake Davidbury, AL 90847",Paulahaven,Louisiana
faf1d3c6-1156-433a-aae5-8f07785e06fd,Suzanne,Colon,colon.suzanne@howe.net,+237 6558126394,2022-02-24 08:22:14,1956-03-04,"7738 Ronnie Mount Suite 076
Lake Amberberg, VA 83206",North Dennis,Wyoming
521b445c-a5c3-4888-a9a4-146db9e0b49c,Kristen,Rivera,rivera.kristen@clark.com,+237 6591335295,2023-02-16 12:51:35,1974-10-21,"Unit 2766 Box 1824
DPO AE 51099",South Kirk,North Carolina
79d64d5c-de9c-4a91-98fd-8e2d823bc7d1,Monica,Day,day.monica@small.com,+237 6205471764,2022-02-04 01:25:22,1942-02-16,"Unit 9584 Box 4501
DPO AE 85459",Lake Lauren,Colorado
b9f8d5f6-288a-4a0c-a4ed-34e6c483d786,Grace,Smith,smith.grace@baker-carter.com,+237 6866102274,2021-07-26 16:49:41,1974-05-17,"11007 Edwards Cape
East Bethside, OH 88754",East Paula,Tennessee
8ed0b9ba-703e-4f20-a0db-a7f3d7f5eda9,Nancy,Scott,scott.nancy@morris.info,+237 6813370942,2021-10-16 04:14:34,1954-04-18,"780 Watson Common Suite 089
East Melaniemouth, WV 80622",Crystalchester,Tennessee
39d1837c-5316-40ee-b48a-9889a421c710,Heidi,Herrera,herrera.heidi@nelson-bryant.info,+237 6596758352,2020-11-03 07:03:52,1949-12-28,"702 Carlson Radial Suite 088
Johnberg, WA 73704",New Davidport,New Jersey
6316d11a-2d1b-4d3c-b25f-c9136aeff41e,Joseph,Frey,frey.joseph@scott.com,+237 6564181723,2023-05-29 22:30:10,1958-12-15,"81797 Simpson Spring Suite 815
West Andreatown, AZ 22742",Daltonport,Mississippi
2c0ac3e9-e854-48c7-a6da-49879dc341c3,Glen,Logan,logan.glen@barber.com,+237 6804971790,2023-07-27 23:01:52,1968-03-25,"47777 Santana Highway
Richardsmouth, WA 08297",New Richard,Maryland
ff92ccbd-31f8-45aa-a83d-6033eedf75fc,Michelle,Brown,brown.michelle@hampton.org,+237 6276038684,2022-04-16 10:04:58,1949-06-23,"9068 Jamie Shore Apt. 474
Catherinefurt, CA 33302",West Teresaville,Arizona
093a9ff3-fe49-4b60-a88c-1f670121926a,Linda,Hart,hart.linda@ware.biz,+237 6775812914,2021-08-27 01:54:18,1993-10-13,"6945 Scott Junctions Suite 277
Port Dean, MO 44838",Garciashire,Colorado
eac057cf-1164-4f1d-b9cd-c5b379404e27,Tina,Sanchez,sanchez.tina@petersen-bryant.com,+237 6704249239,2022-07-20 02:12:54,1953-09-24,"Unit 3786 Box 6570
DPO AE 60482",Laurenside,Arizona
08d61183-8b5d-4b71-9db8-02e979d12a7e,April,Wheeler,wheeler.april@gray.com,+237 6236248986,2023-02-16 20:27:00,1936-03-03,"81469 Bartlett Expressway Suite 373
South Isaac, OK 16429",Richardton,Alabama
f880ef15-bb26-4af7-af04-6ab8ec586988,Andrew,Johnson,johnson.andrew@sullivan.net,+237 6231157341,2023-10-12 11:01:00,1964-01-26,"91867 Parker Spur Suite 577
Johnsonhaven, CO 77486",Lake Christopherfurt,Louisiana
7d367d72-9f6a-4d4b-b684-259e199a30ba,Todd,Perez,perez.todd@benson.com,+237 6569956983,2023-04-10 13:44:16,1976-01-31,"2300 Christopher Bypass Suite 415
West Ellenport, ID 17143",East Shawnmouth,Hawaii
45307795-fa38-4a0e-97cc-76a01544ec1c,Crystal,Carney,carney.crystal@giles.com,+237 6760968295,2024-04-08 09:30:32,1999-10-05,"00627 Vaughn Tunnel
Lake Sue, KS 53940",West Jonathan,Alabama
e4fefc9d-3341-49f3-8f04-188a12d8c3aa,Lori,Mckee,mckee.lori@yu.biz,+237 6583918865,2022-01-13 05:17:10,1958-08-29,"2643 Hill Mount
East Jennifer, SC 39857",North Valerieshire,North Carolina
5617714e-849b-4542-ad4e-4f354308e22f,Sara,Jackson,jackson.sara@martin-knapp.com,+237 6261963977,2022-04-01 20:13:33,2005-07-22,"28474 Evans Plains
Davisfort, MD 74716",Bryantbury,West Virginia
610243ea-63ff-4979-8a99-abfc5f517324,Anthony,Moore,moore.anthony@skinner.com,+237 6769052152,2023-06-05 02:13:53,1983-12-02,"38619 Moore Spring
North Davidborough, RI 54120",North Jason,Georgia
d2eda777-ea93-48b2-8795-b6ba606bf5b6,Rachel,Ellis,ellis.rachel@hudson.info,+237 6224758451,2023-05-23 15:49:25,1958-08-31,"189 Day Village
Kimberg, WY 09662",Jenniferborough,Nebraska
f953f5d6-96d6-4995-a647-0f0252a4f226,Donna,Pearson,pearson.donna@arnold.info,+237 6745502567,2024-06-17 07:57:02,1943-03-23,"5787 Nunez Junctions
Lake Katelynville, AZ 62383",Vaughanchester,North Dakota
62e6c325-898c-4a0d-b26e-504be5491271,Jason,Baldwin,baldwin.jason@harris-stanley.com,+237 6858875953,2023-09-24 02:53:52,2003-02-01,"195 Christian Flats Suite 959
Lake Bethbury, MA 66136",Mariafort,Connecticut
95992701-4b3c-4de5-974e-4cd51bd2e222,Eric,Nelson,nelson.eric@berg.info,+237 6894297397,2024-08-07 01:24:11,1945-12-29,"59157 Rodgers Mountain Suite 383
Tannerton, MH 07112",New Kristin,Rhode Island
6db1c7b1-fc21-4cf7-8feb-0c1bbc2e9c2a,Russell,Thompson,thompson.russell@chang.com,+237 6822008463,2020-09-25 03:35:08,1992-11-16,"USCGC Soto
FPO AA 53741",Hudsonton,Georgia
2adb21cd-49b1-407e-ae11-ee8ca76d96db,James,Williams,williams.james@lawson-hayes.com,+237 6276330685,2024-01-18 01:40:22,1976-06-30,"954 Thomas Corner Apt. 541
Lopezmouth, OR 90506",West Raymondview,Ohio
5c5e8681-7a4e-429f-8703-2ec3d9276a0c,Sydney,Smith,smith.sydney@green.com,+237 6503397501,2020-11-23 23:46:09,1968-04-29,"3012 Carey Hills
Rosemouth, ID 84583",South Erica,Pennsylvania
0def01cd-596c-4ade-baa1-685e4b1d20b7,Connor,Mcneil,mcneil.connor@ross.info,+237 6831848131,2021-04-08 07:21:45,1954-01-26,"9649 John Mountains
East Jordanstad, VT 29074",South Alex,New York
f54b9616-9469-4268-b3a0-1ec4d830b7c3,Trevor,Morse,morse.trevor@lopez-randall.com,+237 6731495414,2022-04-20 04:43:31,1950-05-14,"140 John Common
Watkinstown, SD 82350",New Carlos,Michigan
a93ddf72-cc1e-4052-8481-ab7bd48a26ac,Kyle,Roberts,roberts.kyle@knight.com,+237 6589833981,2023-10-28 18:22:12,1995-01-05,"06851 Mitchell Views
South Amandachester, IN 95748",Sweeneyhaven,Illinois
f41f0104-da8b-4194-9704-c1dea3fae539,Colleen,Perry,perry.colleen@wagner.org,+237 6871090350,2022-08-11 14:27:33,1973-04-03,"7575 Karen Drive
Gonzalezmouth, NM 40766",West James,Arkansas
4cb0de69-cc09-4cc2-a606-46eaa3f8adb2,Brad,Hansen,hansen.brad@ramsey-goodwin.info,+237 6279824429,2024-04-01 18:38:01,1981-01-08,"484 Russell Place
South Jack, NC 31982",West Brian,Idaho
bf9c3758-fbe4-4bcd-ac45-ac7ae8c9a3c8,Adam,Alvarez,alvarez.adam@lee.com,+237 6203614105,2021-12-08 20:15:42,1957-04-01,"9366 Smith Roads
Edwinborough, NH 90693",Michaelhaven,Nevada
5df5eef7-4c42-40f7-8cb6-6c9acaaea36f,Robert,Rubio,rubio.robert@mclaughlin-lara.com,+237 6263355925,2023-10-03 19:21:15,1933-12-23,"49105 Garrett Isle
Henrymouth, OK 17165",New Jennifer,Georgia
79ee5ca3-6891-4827-88c4-f8f5f11099f0,Aaron,Fletcher,fletcher.aaron@bell-joseph.net,+237 6256435598,2020-11-26 01:05:36,1950-04-16,"866 Thompson Manor
South Arthurfurt, NJ 93634",North Scott,Georgia
179acdec-606f-471c-bb39-74babb0d95f0,Christopher,Williams,williams.christopher@cohen-espinoza.org,+237 6583640000,2021-11-01 03:08:44,2001-06-22,"60287 Smith Throughway Apt. 068
Johnstonberg, WV 02420",Lake Ryan,Arkansas
c2353c5a-a19e-41f2-94ee-7e54d987a5a7,Annette,Byrd,byrd.annette@alexander-benjamin.biz,+237 6771825537,2023-08-01 15:30:00,1957-09-20,"6535 Novak Path Apt. 949
Lopezstad, MA 50111",Thomasville,Connecticut
1c5934b6-763d-4e1e-9402-0d7a6093df42,Brianna,Hamilton,hamilton.brianna@phillips-holloway.com,+237 6803552705,2021-10-22 09:55:19,1975-12-27,"4201 Roberts Village Suite 563
North Erinburgh, CO 67850",East Sheila,Vermont
7b6fec5b-4e4f-4f43-9835-4de1a336c479,Isaac,Barry,barry.isaac@francis.com,+237 6797043595,2023-02-23 13:55:30,1938-03-22,"16067 Baker Ports
Elizabethbury, MN 02620",Christopherfurt,Texas
0ac747f6-94ce-4a57-93fa-dd420d8d6186,Jill,David,david.jill@stevens-shelton.com,+237 6268915446,2020-09-15 14:19:39,1941-12-30,"194 Charles Court Apt. 491
Davisville, MH 22943",Bonnieville,Mississippi
406a5843-d0e2-4fb7-98da-5db06145327f,Kim,Gomez,gomez.kim@kelley-young.biz,+237 6809678179,2023-04-27 05:08:20,1995-02-22,"6239 Alexander Ford Suite 318
Valdezport, IL 40807",Hopkinsview,Texas
e9e3bb0e-7643-4a7d-b70c-cec42b68497c,Steven,Santiago,santiago.steven@moreno.biz,+237 6775347129,2024-07-13 02:40:16,2005-04-20,"203 Miller Flat Suite 432
Robertschester, NC 50388",Matthewport,Texas
e01e4747-f42b-4ecd-a958-8b6f090a3429,Janet,Meyer,meyer.janet@smith.biz,+237 6742268168,2023-06-03 11:35:31,1955-02-25,"0294 Johnson Street Suite 390
New Suzannemouth, AZ 44728",North Barbara,Texas
1b7f3a9e-083f-425e-9b15-b839748973de,Martha,Hayden,hayden.martha@scott.biz,+237 6242157863,2022-10-28 06:49:32,1976-05-30,"00412 Alexis Plaza Apt. 519
New Stevenmouth, UT 02625",Coreymouth,West Virginia
9bad2562-492a-42a0-b00a-b434626469bb,Lindsay,George,george.lindsay@moss.com,+237 6522673425,2021-12-17 19:44:38,1945-02-17,"96406 Patricia Center Apt. 749
West Donaldbury, AK 80330",South Christinabury,New York
c341f5e9-2b2b-46dc-a9df-8dd6880aed51,Tony,Valentine,valentine.tony@flores-carroll.info,+237 6522569991,2022-09-21 11:09:36,1942-01-23,"PSC 0573, Box 1300
APO AP 65113",Lake Robert,Louisiana
9f56d1be-f2be-4212-b947-79d1dd9d5fb3,Mary,Calderon,calderon.mary@hale-ramirez.com,+237 6872816852,2020-12-19 09:25:20,1956-05-21,"57014 Elizabeth Dale Apt. 347
West Jessica, MH 95395",East Manuel,Wyoming
06dfe58d-551c-4464-940e-f1069266a57f,Anthony,Moreno,moreno.anthony@daniels.com,+237 6808280085,2024-02-01 04:39:43,1959-03-31,"42627 Mcmahon Orchard Suite 971
Torresfurt, ND 38548",New Elizabeth,New Jersey
feb8bd4c-ff7c-4225-becb-6ba6bd81431a,Melissa,Cochran,cochran.melissa@marsh-harris.net,+237 6517729595,2022-07-22 05:41:43,1944-02-01,"2386 Henson Loaf
Boylebury, AL 82882",West Angelafurt,Colorado
f33f3e8f-750f-4e08-9475-2e3b369329f5,James,Gonzalez,gonzalez.james@wilkinson.net,+237 6535748497,2020-10-26 04:06:19,1961-01-16,"1455 Crystal Bridge Suite 277
Kimberlyport, KS 79834",East Jason,Kansas
f71f3434-a33c-4697-8bd9-4479b037d615,Frank,Morrison,morrison.frank@elliott-richardson.org,+237 6758081633,2024-08-06 18:31:51,1955-06-24,"465 Zachary Spring Suite 407
South Brianna, HI 76485",North Marc,Kentucky
8e4b3ba7-e2d2-474a-bd74-30874561e441,Sharon,Saunders,saunders.sharon@weber.com,+237 6528475962,2023-01-05 11:55:04,1936-10-01,"6035 Friedman Ports
Owenshaven, LA 91759",South Michael,South Dakota
76f19737-6e6b-4c31-8bd3-3477b15250a7,Chase,Sanders,sanders.chase@armstrong.info,+237 6862764178,2021-12-09 08:59:17,1970-12-14,"2033 Jill Mills Suite 472
Pughhaven, TX 53684",Danielleview,Arkansas
95f021cb-b568-46d3-a61e-398815924583,James,Garcia,garcia.james@johnson.org,+237 6827391364,2022-04-14 22:03:20,1990-05-11,"60495 Steven Coves
North Shaneberg, WA 56801",East Cassidyshire,Texas
1724c02c-ec67-448d-8416-421c04c04591,Gary,Williams,williams.gary@austin.com,+237 6224270727,2021-01-31 18:50:25,1965-06-28,"PSC 3824, Box 4580
APO AE 35910",Mccarthyburgh,Arizona
f912f336-9382-4b26-8fa8-1f97c61277b5,Heather,Howard,howard.heather@jones.info,+237 6563518232,2022-05-22 10:54:28,1936-05-30,"523 Andrew Parkway
Cynthiabury, MA 44190",Bensonport,North Dakota
5e62ffd6-fa3b-4573-84f9-fbd25f6acc9a,Nicole,Clark,clark.nicole@richardson-summers.com,+237 6292839735,2020-12-31 15:36:34,1970-07-19,"76720 Rachel Ways
East Kenneth, NC 37177",Jeffreyport,Tennessee
49df2ac7-d623-4ea1-8efa-c7eb66c111e0,William,Merritt,merritt.william@white-jackson.com,+237 6752111827,2021-06-27 03:30:19,1988-02-21,"PSC 5630, Box 9459
APO AE 02627",West Candice,Wisconsin
1a90aa79-728b-4966-baef-7f54091909ee,Ashlee,Clark,clark.ashlee@valencia.com,+237 6721792746,2022-05-04 01:22:31,1946-11-06,"2299 Jones Villages
South Michaelview, DE 31636",South Danielview,Pennsylvania
215e1493-7e69-4836-944a-e9074465444c,Justin,Rice,rice.justin@white-padilla.net,+237 6207835722,2023-02-27 14:16:50,1977-04-26,"825 Nicole Parkways
Kerrychester, FL 13882",West Belinda,Michigan
c11068b2-3272-49b9-8f02-6b6a2997c5a6,Sheila,Gonzalez,gonzalez.sheila@graham-garrison.biz,+237 6702094810,2022-05-11 03:51:22,1984-08-11,"17355 Nguyen Viaduct
Lisaland, GA 14030",Tylerberg,Indiana
67331360-31c6-4546-94cf-a2f9b8025664,Jessica,Stout,stout.jessica@moore-smith.com,+237 6506573658,2023-07-15 12:34:02,1957-02-07,"73456 Troy Forges Suite 433
Williamville, MP 62062",New Robert,Vermont
e9b04b20-80c0-48eb-82a4-ef02c7596183,Sheila,Freeman,freeman.sheila@coleman.com,+237 6265930615,2023-07-05 15:52:29,1993-12-31,"93064 Rice Wall
North Mariatown, MP 28616",Meyermouth,Iowa
5f4df3cf-3b7d-41af-acad-8600c109b73b,Matthew,Cohen,cohen.matthew@downs.com,+237 6520885004,2024-07-08 18:16:59,1980-02-04,"8112 Stevenson Trail Apt. 376
Robinsonbury, GU 53766",Wrightshire,New Hampshire
f0af7a13-391d-43b2-98e6-d13e686a1ed1,Andrew,Willis,willis.andrew@morrison-smith.com,+237 6515481539,2021-10-06 02:39:26,1946-12-26,"7534 Peters Square Suite 131
South Tonyaland, PA 03397",North Chadbury,Oregon
75a1fc01-37df-45ab-bd73-358ebda0ecef,Kim,Brewer,brewer.kim@sullivan-dixon.info,+237 6229300121,2024-03-16 14:06:01,1961-12-19,"91714 Schmidt Cape
North Glenn, MO 99270",Gibsonville,Louisiana
c647b694-2cbc-482a-8898-108fb31993e5,Dillon,Mercer,mercer.dillon@castro.com,+237 6780153982,2020-11-12 14:46:18,1981-04-16,"6665 Jimenez Fort
New Mario, AR 25820",Tarafort,Utah
fe7703f6-e690-4154-81eb-d45ca24aae02,Richard,Arnold,arnold.richard@conner.net,+237 6874427510,2021-05-10 06:12:47,1982-08-15,"499 Newton Mountain
New Michaelbury, KY 53587",New Roy,Montana
02f9158c-f3aa-44a8-ad11-4eb76bc51394,Deanna,Williams,williams.deanna@leonard.org,+237 6294780368,2021-05-30 23:49:34,1966-09-24,"2104 Joseph Canyon Apt. 156
Pamelahaven, NE 68710",Erinstad,Georgia
044b5b47-4929-475a-a8d7-587627d0d028,Jeff,Martin,martin.jeff@barr-valentine.com,+237 6273473823,2022-07-20 17:31:10,1993-01-01,"18605 Mary Club
Christopherberg, MS 99817",Allenshire,Mississippi
d7846a25-8b63-4115-b54d-5bcdf9880365,Jamie,Ramos,ramos.jamie@meyer.com,+237 6299935299,2021-09-30 08:25:50,1972-07-12,"67228 Mitchell Shoal
North Mollyfort, MH 71267",Mckenziefort,Arizona
20e77066-4c00-4446-bb78-b84738db7310,Jeremy,Tanner,tanner.jeremy@fitzgerald.info,+237 6540489550,2023-04-25 05:20:06,1971-06-09,"922 Kevin Highway
Glennborough, FM 74236",North Zachary,Wisconsin
fa188a72-a30c-4b0c-8ab9-963034a06ea9,Maria,Evans,evans.maria@lopez.info,+237 6754474552,2022-03-29 14:29:23,1935-03-22,"3779 Williams Gateway Suite 666
Lake Heidiland, KS 46170",Thomasberg,Michigan
ca4ebf8f-c7a0-4c5e-b868-3ae575658cac,Cassandra,Byrd,byrd.cassandra@silva.net,+237 6852220380,2024-02-12 16:52:01,1936-06-05,"4826 Nathan Throughway
East Jonathan, AR 12342",Sharonstad,Montana
ce17a9a2-e407-42f9-9665-fb8ca45f3905,Samuel,Mccall,mccall.samuel@carroll-alvarado.net,+237 6834826272,2022-08-17 01:14:39,1971-11-24,"3602 Ball Expressway Apt. 262
West Barbara, SC 69674",New Kathy,Indiana
7e8dc61e-1798-4d6b-a536-030e677ed0c9,Dennis,Riggs,riggs.dennis@wall-day.info,+237 6565216170,2023-07-26 05:45:01,1975-10-01,"561 Sanders Extensions Apt. 070
Diazchester, NC 95177",Trujilloville,Delaware
61ba9937-e8b8-4556-a18d-0b90ed4a4928,Alicia,Mcdaniel,mcdaniel.alicia@moore-walton.org,+237 6764993429,2020-12-15 11:38:57,1998-10-12,"75708 Washington Spring
Port Christianport, CT 22253",Greenside,Georgia
7ae60e95-05d2-43f6-8d93-52fb14ea1dd2,Shane,Ibarra,ibarra.shane@mckay.com,+237 6208166411,2021-04-05 15:19:38,1953-12-19,"894 Frank Plains Apt. 220
West Nicholas, DE 93005",New Catherinefort,Nebraska
2ca3a06d-5979-49d2-b1de-ebc558a44a82,Joel,Stone,stone.joel@murphy.com,+237 6843100383,2022-09-17 12:25:04,1965-11-25,"3843 Roberts Square
Port Daniel, PA 89373",West Seanmouth,Tennessee
c9ce94af-70f5-4923-8596-25cb6bb762ad,Veronica,Watson,watson.veronica@ortega.com,+237 6785730164,2021-03-11 19:36:44,1988-12-20,"293 Wilcox Village
Burnshaven, NC 99195",Port Gabrielchester,New Mexico
06590518-125a-45e7-a4f8-919a23131cc5,Justin,Wang,wang.justin@kaufman-myers.com,+237 6577558076,2023-12-01 16:41:55,2004-02-22,"403 Davila Well
Lunafurt, FL 15015",Hunterstad,Virginia
252cf046-8469-4fad-ba69-828fc71c1e89,Amy,Price,price.amy@butler-bryant.com,+237 6553760155,2021-07-26 16:31:51,1952-09-22,"0635 Boyd Ridges Suite 010
Richardton, LA 38657",East Teresaport,New Mexico
7b5c884e-73ac-4c50-ac63-a1970653c61f,Ruth,Smith,smith.ruth@smith.org,+237 6597533420,2022-03-26 21:33:17,1996-01-04,"7336 Gilmore Circle Suite 385
Marieborough, OH 66170",New Tara,Delaware
a10f9e02-fcbc-48c7-b6ef-1461d5bf0bc3,Jose,Peterson,peterson.jose@moore.com,+237 6705745842,2022-11-23 11:34:03,1973-10-12,"9384 Hannah Stravenue
East Jennifertown, GU 14532",Elizabethborough,California
246eac9a-b6b6-4c69-9500-a3660f9a4365,Darren,Garcia,garcia.darren@garcia-thomas.com,+237 6711639294,2024-05-14 18:41:25,1985-01-22,"8902 Brandi Gateway Suite 019
South Kimberlyport, ID 94935",Port Melody,New York
02b9e4d1-6155-4c38-bc2b-4798ae7d2c89,Stephen,Humphrey,humphrey.stephen@mason-hampton.com,+237 6879370450,2023-03-26 09:46:35,1962-10-08,"0166 Perez Springs Apt. 645
Melissaton, MS 73397",Hoodbury,Illinois
458c76e4-8ea0-4bfa-9a3c-cf425811d69a,Jennifer,Smith,smith.jennifer@wallace.com,+237 6875002244,2023-09-25 22:59:29,1969-02-24,"14256 Rogers Square
New William, SD 38067",Matthewfort,South Dakota
4aa7d219-f888-4599-aeae-e0561289f825,Wesley,Fisher,fisher.wesley@lopez.info,+237 6859933238,2023-04-16 10:10:08,1968-07-03,"957 Booker Plain Apt. 391
Wendyburgh, FL 53267",Murphymouth,Oregon
f3f33e3d-84bf-435f-9a0a-948707be6123,Mark,Johnson,johnson.mark@flores-hull.info,+237 6538381858,2020-11-15 05:46:29,1933-10-11,"4848 Zamora Avenue Suite 503
North Kennethberg, AS 54350",East John,Mississippi
a9749008-e4c9-4659-ab4f-17cfffbb98e6,Julie,Martinez,martinez.julie@haynes-campbell.com,+237 6505922146,2023-06-13 11:29:24,1972-11-18,"5021 Patrick Village Apt. 592
East Richardborough, VA 72561",New Randall,Colorado
544f9ea6-50e5-4225-826f-a414cc3e4f71,Raymond,Mooney,mooney.raymond@barry.org,+237 6703909353,2020-12-23 05:08:45,1965-11-12,"68220 Stephanie Fork
East Kristen, HI 17363",Turnerfort,New Hampshire
722b36cb-545a-4244-bab3-2cb4cf939ba3,Erica,Holmes,holmes.erica@johnson.info,+237 6806992381,2022-04-27 11:10:37,1996-07-27,"1213 Nelson Route Suite 720
Lake Maryside, IN 33079",North Debra,Oregon
b3b6649f-114a-4629-9605-a1bb798e3030,Scott,Smith,smith.scott@ingram.com,+237 6725895439,2022-01-25 10:13:42,1992-11-18,"30983 Jodi Hollow Apt. 675
North Brittanybury, WA 99302",Swansonton,Arizona
242f1881-8467-4def-b8af-dcdbfdd96e9e,Matthew,Mitchell,mitchell.matthew@kidd.info,+237 6589971668,2021-08-27 02:29:03,1954-06-11,"974 Acevedo Mountains Apt. 032
Clarkshire, CT 28502",Kimberlyhaven,Virginia
c09ea74e-bd9c-4db2-8b36-2f9ba61b38bf,Joseph,Maldonado,maldonado.joseph@howard-buchanan.org,+237 6787929060,2021-03-13 13:13:38,1982-08-24,"27813 Rivera Mountains Suite 149
West Edward, AL 95196",Garciaburgh,New Jersey
89498196-a4b9-4632-813c-5eaae055965c,Tony,Allen,allen.tony@fox.com,+237 6207327257,2021-07-17 01:12:37,1960-06-05,"43446 Jones Ramp Apt. 907
Martinbury, ND 49953",West Robertside,Mississippi
73d40829-e29c-41a1-9ea4-3ae3231885ab,Lawrence,Nicholson,nicholson.lawrence@kelley.net,+237 6858641893,2021-03-27 18:36:11,1994-08-09,"769 Ryan Street
Lake Paigefurt, WV 78130",Christopherborough,North Dakota
015a7926-3c9c-4a17-970d-a38a1e38aa8d,William,Pena,pena.william@miller-cameron.com,+237 6754587362,2023-12-27 16:26:12,1981-03-10,"3569 Amy Summit Suite 581
East Brooke, WY 07292",Lake Timothyland,New Hampshire
7256f7f4-caab-4c9b-910f-bfc1fc1a793f,Matthew,Johnson,johnson.matthew@morgan.com,+237 6268965434,2023-03-22 05:02:41,1956-05-18,"706 Anderson Falls Suite 080
Shawtown, KS 83335",Lake Jamesbury,California
3c2fdb29-29e0-413c-807b-442e24eb6644,Ronald,Carpenter,carpenter.ronald@barajas.info,+237 6297265313,2023-04-10 01:09:39,1961-01-29,"PSC 4351, Box 3712
APO AP 36067",Montoyaport,Alabama
52683b38-d34b-42d6-8437-831f3d27264a,Cynthia,Haynes,haynes.cynthia@rivas-rodriguez.info,+237 6581021265,2022-11-19 22:30:56,1973-05-21,"USS Johns
FPO AP 02549",Escobarstad,Arkansas
a698fa70-2cd1-482a-beff-62ca817e4911,Jeffrey,Martin,martin.jeffrey@howard-nguyen.info,+237 6211651420,2022-08-18 06:03:59,1994-02-24,"USCGC Leach
FPO AA 43216",West Thomas,Alabama
6d365804-d9ed-435a-b045-1d5de19246f7,Laura,Carpenter,carpenter.laura@case.com,+237 6504339401,2023-03-16 22:44:01,1990-12-20,"44376 Newton Forges
East Danabury, OR 22066",Lake Abigail,Hawaii
34d0f584-db20-4e38-b704-88c50019cbac,Dawn,Marquez,marquez.dawn@riddle.biz,+237 6208573005,2023-06-06 03:02:30,1986-01-15,"76009 Stephanie Mission
West Kimberlyland, NM 53378",Goldenview,Illinois
76b4543f-27db-4d7c-a7d1-d25e5cffa3d9,Kevin,Johnson,johnson.kevin@morrison.net,+237 6774302624,2022-12-26 02:57:58,1966-03-27,"087 Soto Cliff
Hillside, PR 70857",North Julieton,Arizona
b8643ad2-6f8e-4c82-8d96-ce5ee3d4fe58,Clarence,Morrison,morrison.clarence@bailey.com,+237 6721297183,2023-05-12 20:56:52,1939-08-31,"6265 Galloway Hill
Hernandezland, IA 56956",Port Davidmouth,South Dakota
2a28d56b-c136-42cf-80ac-5b781bbd4248,Glen,Wright,wright.glen@white.com,+237 6822247435,2024-07-28 02:31:54,1966-09-28,"4500 Jessica Haven Suite 292
Jenniferberg, DC 62582",Omarchester,Maine
01cc7480-7cab-479b-b7c1-dc1a7951ee22,Marissa,Barber,barber.marissa@cantu.com,+237 6586541134,2020-09-09 00:09:30,1987-04-29,"3122 Norton Summit Apt. 912
Theresaview, WY 24123",Jensenhaven,Wisconsin
82edef09-796b-42a6-9c1b-2cee6d918e74,Jeremy,Newman,newman.jeremy@bailey.net,+237 6558160850,2023-03-19 14:51:29,2001-11-25,"95616 Castaneda Roads
North Andrewland, RI 10851",Lake Patricia,Virginia
f5eb8039-dfa5-4871-84fe-0c5a6a2c06c2,Vincent,Dean,dean.vincent@sheppard-carter.com,+237 6572644895,2023-09-04 14:09:43,1955-05-25,"8774 Brittany Course Suite 708
Amandaton, AS 46906",Vancetown,New York
083f5f77-c9d0-4807-984a-a6787c6ac90f,Lori,Friedman,friedman.lori@smith.com,+237 6598345979,2020-09-09 15:42:38,1993-09-26,"952 Frances Tunnel
South Jennifermouth, HI 40414",Dannyfurt,Maryland
61057d63-eafc-49e2-bc13-3f49fb7ae88f,Brandon,Rodriguez,rodriguez.brandon@barton-ruiz.net,+237 6586725163,2020-09-29 19:55:47,1950-08-13,"USS Ballard
FPO AP 10156",North Holly,North Dakota
2ec72495-4f7a-45c9-953d-d3a8806bd10f,Collin,Walters,walters.collin@hamilton.info,+237 6236864717,2024-07-07 06:34:46,1966-04-09,"USS Hansen
FPO AA 18136",Ericbury,Utah
33908142-b38c-4ece-9892-c7a5c2a10f80,Jacob,Murphy,murphy.jacob@sanders.com,+237 6700035760,2024-02-19 19:25:36,1997-04-05,"8250 James Passage
North Derekhaven, CO 86496",Port Matthewtown,Kentucky
150efe02-d10d-4f09-96ef-facbedbcd18c,Howard,Peterson,peterson.howard@lopez-butler.com,+237 6588488566,2023-10-03 02:18:53,1987-03-23,"3582 Kathryn Ferry
West Aaron, CT 01374",Harringtonview,Arizona
fcf27e43-1bc8-4c74-9ae4-aac4f6bbdd9f,Kenneth,Hogan,hogan.kenneth@rivera.com,+237 6838805237,2023-07-11 00:56:20,1989-07-17,"8279 Martha Harbors Suite 813
Willischester, GU 79846",Lake William,Utah
c1a2a531-2fd3-486b-af54-e3fbbb52d3bd,Ian,Daniel,daniel.ian@nguyen.com,+237 6207396246,2022-06-29 02:46:46,1958-03-14,"649 Garcia Orchard
Port Teresaland, ID 56466",South Austinberg,Indiana
a03d6964-1c5d-432a-b0ae-3f6f03900c1e,Stacie,Escobar,escobar.stacie@sanchez-lewis.biz,+237 6741958915,2021-03-28 19:55:04,1968-02-11,"77222 Kristina Extension Apt. 534
Griffithhaven, MN 42863",Lake Vanessa,North Dakota
7041a73c-7440-4f19-91f5-cbf92b54339e,Kaitlyn,Green,green.kaitlyn@garcia.com,+237 6783988331,2021-05-14 21:24:48,1984-08-24,"PSC 9464, Box 3256
APO AA 74455",Juliehaven,California
1b867fc7-7f9d-496e-b523-e6a58c5591f2,Debbie,Warren,warren.debbie@tyler-kidd.com,+237 6509601483,2022-01-30 07:33:28,1987-03-29,"31650 David Square Apt. 553
Port Jennifer, GA 73595",East Wesleyton,Maryland
138b7e3f-4abc-4072-8244-5f539cfac6af,Kelly,Austin,austin.kelly@hess.com,+237 6824091871,2023-10-05 22:58:32,1946-03-21,"USS Boyle
FPO AP 95581",Lestermouth,Pennsylvania
4ae8afbc-1564-4a1f-83a4-c6e01c1f330c,Brian,Gilbert,gilbert.brian@johnson.com,+237 6764504625,2023-11-12 20:46:01,1962-12-19,"473 Olson Lakes
North Austin, WV 62793",Lisaport,Minnesota
0d539a13-bd56-43f1-b5ef-6267a0a3c1c3,Gina,Delacruz,delacruz.gina@smith-cuevas.com,+237 6214231413,2024-04-03 02:07:12,1945-04-09,"6357 Emily Hill Suite 949
Meltonmouth, NC 95353",Mariastad,Hawaii
647ccd50-8ae5-4fcd-9404-b419b6779de3,Thomas,West,west.thomas@welch.org,+237 6872642062,2022-06-13 05:31:18,2006-09-20,"570 Stephen Harbors Apt. 654
East Lisabury, AR 41654",North Allisonfurt,Illinois
2f48fa37-5145-43f4-a5e6-28037f500485,Darin,Parker,parker.darin@coleman-jimenez.com,+237 6834214876,2024-01-23 09:00:40,1998-06-14,"4526 Brooke Plains
North Theresaborough, ND 78972",East Johnborough,Indiana
da6b6322-d1fd-4ac9-949b-ac8179844801,Shari,Gray,gray.shari@williams.net,+237 6704650968,2021-03-23 07:37:32,1985-11-01,"4914 Campos Mission Suite 475
East Danielle, UT 50352",Robinsonview,Virginia
259280af-3948-42ec-b83a-85b102a7c8ce,Kathryn,Mcclain,mcclain.kathryn@cross.com,+237 6515035482,2021-03-09 01:15:24,1991-02-10,"148 Anna Fork
Michaelberg, SD 78678",Douglasborough,Kentucky
0c85ed40-64e7-4dd2-ad2d-96eb0446050d,Joshua,Nguyen,nguyen.joshua@jones.com,+237 6766295631,2020-11-12 20:26:34,1990-02-01,"00481 Newman Fork Suite 715
Teresaside, DC 90053",Lake Curtisburgh,Oregon
42e6fd40-be14-4b95-bc0f-88a89f6c6e6d,Ana,Casey,casey.ana@green.biz,+237 6211222992,2022-09-04 14:28:41,1985-10-06,"5465 Ricky Light Apt. 621
New Stephanie, NY 17218",North Felicia,Alaska
a78b1f5e-bbd4-4f29-944f-6afc876aed43,Brian,Powers,powers.brian@mitchell.com,+237 6234148338,2021-05-10 08:35:01,1983-05-06,"1822 Garner Place Suite 745
Port Danielle, ME 10063",Woodardmouth,Illinois
be46a5f4-a697-4693-a73e-04f0faff6dc5,Kayla,Nash,nash.kayla@fox-lawrence.com,+237 6791939820,2021-02-01 18:34:15,1944-02-25,"65523 Renee Shores Suite 081
Maryburgh, GU 95328",West Jennaville,Minnesota
628dd70f-16f0-4b57-8f77-03a8d623fc44,Courtney,Owens,owens.courtney@love.net,+237 6292168666,2020-10-20 04:47:35,1977-07-30,"35488 Jeanette Groves Suite 510
Rosstown, AR 60738",West Robertburgh,Arkansas
b50c8fdf-5dd4-4fa9-ab8f-205452a1b202,David,Buckley,buckley.david@woodard.com,+237 6211556178,2023-10-02 12:46:39,1988-09-04,"650 Felicia Road
Lukemouth, AL 22973",Davidberg,Vermont
c656dfad-c649-4e61-ac51-cef5d2b4ae2a,Stephanie,Moody,moody.stephanie@fleming.com,+237 6213813601,2021-07-17 15:15:18,1991-01-10,"8768 Matthew Vista
Thomasside, MS 37992",Jonestown,New Jersey
f72f7e2c-eddc-4959-8b07-19fdb3e3bdba,Emma,Lee,lee.emma@livingston.com,+237 6857579933,2022-09-29 10:32:11,1938-12-03,"PSC 9180, Box 9050
APO AP 16007",Lake Brian,Rhode Island
2b83fdf2-2bfb-4de2-89de-7d706c43fe7e,Kayla,White,white.kayla@torres.org,+237 6703122362,2021-10-02 06:42:10,1969-03-05,"56119 Patterson Mill Apt. 330
Angelamouth, FL 40110",Crawfordberg,New Mexico
7c4c7efa-cf05-418a-ae0a-0c82024a9c28,Kenneth,Gilbert,gilbert.kenneth@richardson-barker.biz,+237 6529687668,2020-09-10 16:10:54,1937-06-10,"611 Black Manor
Riddlestad, CA 57842",Lake Nathan,Arkansas
97a2dc84-11b6-40b5-ac4e-b96f357a9a25,Jason,Herrera,herrera.jason@lester.org,+237 6284317206,2022-09-01 05:50:46,1942-02-10,"4797 Samuel Union
North Danielleberg, IL 54862",South Stephenburgh,Arkansas
ee9bef64-6af3-461e-91ba-66926e26cedd,Tammy,Gonzalez,gonzalez.tammy@johnson-russell.com,+237 6730343965,2021-10-23 18:31:05,1947-05-08,"385 Jamie Light
Wilkinsontown, NH 76809",South Jeremiahborough,South Dakota
3fa22970-b3cc-40c5-a86a-8ceecf90177d,Sandra,Sweeney,sweeney.sandra@powell.org,+237 6508667509,2022-02-15 23:17:59,1984-06-18,"97319 Scott Lake Suite 162
Schmidtfort, NY 19893",Philipview,Oklahoma
af22a848-adbc-427c-92c7-ebd8cda9bf65,Donald,Brown,brown.donald@kramer.com,+237 6741891744,2021-06-18 06:40:26,1949-01-27,"2501 Pace Village
North Christian, CO 24653",South Johnburgh,Michigan
4223a6f5-4a2d-4fee-8ec8-2315ced6f6ec,Penny,Smith,smith.penny@guerrero-moore.com,+237 6813504666,2023-04-21 06:16:13,1947-04-10,"9951 Turner Spurs Apt. 841
East Katrinachester, WV 36650",Robertfort,Alabama
28b63c4d-b988-496d-a69c-1ef77ef687c5,Rachel,Jones,jones.rachel@smith.org,+237 6845630017,2023-05-01 22:09:09,1935-03-31,"25819 Matthew Freeway Suite 265
Susantown, VI 97047",East Jacobside,Kentucky
1652ea1c-55d0-4c4f-b7ef-a7b26a59b1be,Sabrina,Silva,silva.sabrina@stephens.net,+237 6237776903,2024-06-21 05:54:47,2000-03-08,"74100 Cunningham Loaf
Craigchester, CT 03532",East Jerry,North Dakota
35314cd4-0504-41b3-8a1b-9647bccc5955,Christopher,Gonzales,gonzales.christopher@nunez-todd.com,+237 6822160256,2023-03-26 18:34:36,1997-08-19,"89413 Hoffman Islands
Lake Margaret, MO 43880",Adamchester,Mississippi
8a1f3e94-1314-48f8-8741-bb9b8a464edc,Sally,Reynolds,reynolds.sally@garcia-smith.com,+237 6259985424,2023-06-16 09:51:20,1969-11-09,"061 Darius Rue Suite 938
Megantown, CA 36221",Saundersmouth,Mississippi
4a0b084a-e8d6-4970-a829-379ee2c894d0,Stacey,Delacruz,delacruz.stacey@nash.com,+237 6886487324,2021-01-19 19:24:46,1948-02-25,"3828 Jill Glen
West Jeffreymouth, TX 99505",Martinezmouth,Utah
04fa6f7d-cfed-4420-8eaf-70bff3503e36,Philip,Hunt,hunt.philip@wilson.info,+237 6575599610,2022-07-31 14:41:26,1948-01-04,"57969 Moore Junctions
Garrettville, MA 81145",Frenchshire,Connecticut
d1adf259-d88c-4288-9abb-b09615115533,Sarah,Hernandez,hernandez.sarah@eaton-james.biz,+237 6511069641,2024-06-04 17:04:11,1964-05-05,"90770 Stewart Loop Suite 503
Paulport, OK 59938",West Scott,Mississippi
929ba6d0-08c7-4dee-b5f5-821d332ed255,Kevin,Walker,walker.kevin@vega-ellis.com,+237 6740701313,2020-08-16 11:00:46,1994-09-12,"08446 Sharon Lake Apt. 194
Lake Robert, NJ 95450",Richardsonshire,Minnesota
1c5c0244-bde0-4cc5-8a85-3609f7949659,Kent,Bray,bray.kent@jordan.com,+237 6263862348,2021-10-21 09:56:13,1942-04-12,"9231 Patrick Ranch
Pamelatown, DC 62562",Lake Christopher,New Hampshire
3601952b-1038-432a-824e-8a361b7a31bc,Marie,Little,little.marie@moran-moss.com,+237 6797380407,2023-09-30 04:34:19,1991-10-31,"USNS Rodriguez
FPO AA 79407",Lake Gregoryhaven,Pennsylvania
fd3c13a8-77b4-4e91-b113-cb638bc4f3a4,Jeremy,Gonzales,gonzales.jeremy@stone.info,+237 6868925770,2020-11-29 21:16:00,1946-03-28,"2448 Linda Lane
Garrettshire, CT 40154",Sarahport,Rhode Island
53b7fa13-24df-459c-a42f-102c58018ced,Michael,Davis,davis.michael@taylor.com,+237 6581459759,2023-09-21 15:47:39,1937-03-10,"6947 Hunter Avenue Suite 594
Port Kathryn, MD 89826",Lake Nicholas,Pennsylvania
41b47c42-043a-4cc0-bdc8-6a279b3a2161,Larry,Banks,banks.larry@gates.com,+237 6514165018,2021-07-14 07:07:46,1937-12-16,"917 Roberts Divide Suite 409
Hubbardbury, LA 90104",Lisahaven,Louisiana
d1eb9ebe-5de4-4336-a43a-f71d1b46e62e,Joann,Jones,jones.joann@sanchez-robinson.com,+237 6866872137,2021-01-03 12:23:40,1938-07-11,"062 Philip Garden
Port William, HI 83251",North Jason,South Carolina
9ab828c7-98f8-4b81-9fc4-23eec26fbefb,Roger,Williams,williams.roger@durham.biz,+237 6534096172,2021-09-26 11:56:07,1994-07-16,"2775 Victoria Terrace Apt. 739
New Katrinahaven, KY 66482",West Carol,New York
d4dcb0de-f382-4a6f-abf1-9d007d939fc0,Michael,Reid,reid.michael@hill.info,+237 6834317189,2024-03-13 21:30:00,1986-12-12,"548 Austin Radial
New Ronaldview, CO 77001",Jillmouth,Iowa
9033d6aa-f155-460a-979b-bdd1f1f8307d,Michael,Taylor,taylor.michael@wu.net,+237 6808900841,2024-07-01 17:09:44,1934-09-24,"82089 Heather Fall
Port David, CT 17618",Daymouth,California
92e77c43-905b-4e08-b56e-f8fba22fa768,Alan,Woods,woods.alan@phillips.com,+237 6584898404,2022-08-07 10:50:40,1942-12-24,"6120 Fitzgerald Shores
East Erik, WY 54110",Grahammouth,Montana
2ec8287d-f196-469f-b1c5-240bafa6818f,Jennifer,Fletcher,fletcher.jennifer@king.com,+237 6223245434,2024-03-30 16:26:57,1968-11-19,"491 Gould Park
Jameschester, IN 52588",Port Jennifer,Arkansas
42ac8977-2d8f-4ed0-8fa1-5eb99581ffff,Todd,Wheeler,wheeler.todd@galvan.com,+237 6856374836,2023-03-04 15:55:21,2002-12-25,"8080 Christopher Court Apt. 488
Jillmouth, DE 65695",North Robert,New Jersey
dc50171b-93b2-4a4e-9938-f3a18436d8ea,Jeffrey,Campbell,campbell.jeffrey@bailey.biz,+237 6225311136,2020-08-09 17:19:30,1940-07-09,"Unit 4229 Box 1834
DPO AP 75316",New Jessicamouth,Utah
